title,genre,release_year
100 Days,thriller,1991
29th Street,drama,1991
A Rage in Harlem,drama,1991
A Woman's Tale,drama,1991
Aakhri Cheekh,horror,1991
Across the Tracks,drama,1991
Aditya 369,action,1991
Afsana Pyar Ka,romance,1991
Al-Kit Kat,comedy,1991
Al-Ra'i wal Nisaa (The Shepherd and the Women),drama,1991
All I Want for Christmas,comedy,1991
American Friends,comedy,1991
Another You,comedy,1991
April 1st Vidudala,comedy,1991
Armour of God II: Operation Condor,action,1991
Assembly Rowdy,action,1991
At Play in the Fields of the Lord,drama,1991
Backdraft,drama,1991
Barton Fink,drama,1991
Begunaah,"action, crime, drama",1991
Bill & Ted's Bogus Journey,comedy,1991
Billy Bathgate,drama,1991
Blue Desert,thriller,1991
Body Parts,horror,1991
Boyz n the Hood,drama,1991
Bugsy,"drama, biography",1991
By the Sword,action,1991
Career Opportunities,comedy,1991
Casino Raiders II,drama,1991
Chanti,drama,1991
Child's Play 3,horror,1991
Children of the Night,horror,1991
Chitram Bhalare Vichitram,comedy,1991
Chopper Chicks in Zombietown,"comedy, horror",1991
City Slickers,comedy,1991
City of Hope,drama,1991
Class Action,drama,1991
Clearcut,drama,1991
Close My Eyes,drama,1991
Closet Land,drama,1991
Cold Heaven,drama,1991
Cool as Ice,drama,1991
Coolie No.1,action,1991
Crazy Safari,comedy,1991
Curly Sue,comedy,1991
Daughters of the Dust,drama,1991
Dead Again,thriller,1991
Deadly,crime,1991
Death in Brunswick,comedy,1991
Deceived,thriller,1991
Defending Your Life,comedy,1991
Defenseless,crime,1991
Delirious,comedy,1991
Diksha,drama,1991
Dil Hai Ke Manta Nahin,romance,1991
Doc Hollywood,comedy,1991
Dogfight,"drama, war",1991
Don't Tell Mom the Babysitter's Dead,comedy,1991
Double Impact,action,1991
Drop Dead Fred,comedy,1991
Dushman Devta,action,1991
Dutch,comedy,1991
Dying Young,drama,1991
Edge of Honor,thriller,1991
Ernest Scared Stupid,comedy,1991
Eve of Destruction,action,1991
Eyes of an Angel,drama,1991
Farishtay,action,1991
Fateh,action,1991
Fight Back to School,comedy,1991
Final Approach,action,1991
First Love Letter,romance,1991
Flight of the Intruder,action,1991
Flirting,drama,1991
For the Boys,"drama, musical",1991
Freddy's Dead: The Final Nightmare,horror,1991
Fried Green Tomatoes,comedy,1991
God of Gamblers III: Back to Shanghai,comedy,1991
Grand Canyon,drama,1991
Guilty by Suspicion,drama,1991
Hangin' with the Homeboys,comedy,1991
Hard Promises,drama,1991
Harley Davidson and the Marlboro Man,action,1991
Hear My Song,comedy,1991
Henna,"romance, drama",1991
Homicide,drama,1991
Hong Kong Godfather,crime,1991
Hook,adventure,1991
Hot Shots!,comedy,1991
House Party 2,comedy,1991
Hudson Hawk,comedy,1991
Hum,"action, drama",1991
Hunting,drama,1991
If Looks Could Kill,comedy,1991
Impromptu,drama,1991
Indrajeet,"action, drama",1991
Insaaf Ka Khoon,"crime, drama",1991
JFK,"drama, biography",1991
Jungle Fever,drama,1991
Khoon Ka Karz,"action, crime, drama",1991
Khooni Panja,horror,1991
King Ralph,comedy,1991
L.A. Story,comedy,1991
Lamhe,"romance, drama",1991
Lee Rock II,drama,1991
Let Him Have It,crime,1991
Life Stinks,comedy,1991
Little Man Tate,drama,1991
Love Hurts,drama,1991
McBain,drama,1991
Meet the Applegates,comedy,1991
Mississippi Masala,drama,1991
My Girl,"comedy, drama",1991
Mystery Date,comedy,1991
Naked Lunch,drama,1991
Narsimha,action,1991
Necessary Roughness,comedy,1991
Night on Earth,comedy,1991
Not Without My Daughter,drama,1991
Nothing but Trouble,comedy,1991
Numbri Aadmi,"action, crime, drama",1991
Off Track,drama,1991
One Good Cop,crime,1991
Only the Lonely,comedy,1991
Oscar,comedy,1991
Other People's Money,"drama, comedy",1991
Out for Justice,action,1991
Paradise,drama,1991
Paris Trout,drama,1991
Patthar Ke Phool,"romance, thriller",1991
Point Break,action,1991
Poison,drama,1991
Prahaar: The Final Attack,action,1991
Pratikar,"action, crime, drama",1991
Prem Qaidi,"romantic, drama",1991
Problem Child 2,comedy,1991
Puppet Master II,horror,1991
Puppet Master III: Toulon's Revenge,horror,1991
Pure Luck,comedy,1991
Pyaar Ka Saaya,drama,1991
Rainbow Kids,comedy,1991
Rambling Rose,drama,1991
Ranbhoomi,"action, drama",1991
Regarding Henry,drama,1991
Return to the Blue Lagoon,adventure,1991
Rhapsody in August,drama,1991
Ricochet,thriller,1991
Road to Ruin,comedy,1991
Robin Hood: Prince of Thieves,adventure,1991
Run,action,1991
Rush,drama,1991
Sadak,romance,1991
Sam and Me,drama,1991
Sapnon Ka Mandir,"action, crime, drama, family",1991
Saugandh,"action, family",1991
Scanners II: The New Order,horror,1991
Scene at the Sea !A Scene at the Sea,drama,1991
Scenes from a Mall,comedy,1991
Scissors,thriller,1991
Scorchers,drama,1991
Shadows and Fog,comedy,1991
Shadows of the Past,thriller,1991
Shanti Kranti,musical,1991
Shikari: The Hunter,action,1991
Shout,drama,1991
Showdown in Little Tokyo,action,1991
Sleeping with the Enemy,thriller,1991
Soapdish,comedy,1991
South of Wawa,"comedy, drama",1991
Stone Cold,action,1991
Straight Out of Brooklyn,drama,1991
Swarg Yahan Narak Yahan,"action, comedy, drama, crime",1991
Switch,comedy,1991
Thalapathi,"crime, drama",1991
The Addams Family,comedy,1991
The Ballad of the Sad Café,drama,1991
The Boneyard,horror,1991
The Butcher's Wife,comedy,1991
The Commitments,musical,1991
The Dark Backward,comedy,1991
The Dark Wind,crime,1991
The Doctor,drama,1991
The Doors,"drama, biography",1991
The Fisher King,"drama, comedy",1991
The Five Heartbeats,musical,1991
The Hitman,action,1991
The Hours and Times,drama,1991
The Indian Runner,drama,1991
The Inner Circle,drama,1991
The Last Blood,action,1991
The Last Boy Scout,action,1991
The Man in the Moon,drama,1991
The Marrying Man,comedy,1991
The Naked Gun 2½: The Smell of Fear,comedy,1991
The People Under the Stairs,horror,1991
The Perfect Weapon,action,1991
The Pope Must Die,comedy,1991
The Prince of Tides,drama,1991
The Quarrel,drama,1991
The Rapture,drama,1991
The Rocketeer,action,1991
The Silence of the Lambs,thriller,1991
The Super,comedy,1991
The Swordsman in Double Flag Town,action,1991
The Taking of Beverly Hills,action,1991
Thelma & Louise,drama,1991
Together Alone,drama,1991
Toy Soldiers,thriller,1991
Tricky Brains,comedy,1991
Trinetra,action,1991
True Colors,drama,1991
Two Evil Eyes,horror,1991
Victim of Love,thriller,1991
Vishkanya,action,1991
What About Bob?,comedy,1991
White Fang,drama,1991
Whore,drama,1991
Wild Hearts Can't Be Broken,drama,1991
Year of the Gun,thriller,1991
Young Soul Rebels,drama,1991
Zodiac Killers,drama,1991
1492: Conquest of Paradise,"drama, biography",1992
3 Ninjas,comedy,1992
A Few Good Men,drama,1992
A League of Their Own,comedy,1992
A Midnight Clear,"war, drama",1992
A River Runs Through It,drama,1992
Agantuk,drama,1992
Aladdin,"animated, comedy",1992
Angaar,romance,1992
Article 99,drama,1992
Balwaan,action,1992
Beta,drama,1992
Bitter Moon,drama,1992
Blame It on the Bellboy,comedy,1992
Blown Away,drama,1992
Bob Roberts,comedy,1992
Brain Donors,comedy,1992
Bram Stoker's Dracula,horror,1992
Buffy the Vampire Slayer,comedy,1992
Captain Ron,comedy,1992
Chain of Desire,romance,1992
Chamatkar,comedy,1992
Child of Rage,drama,1992
Children of the Corn II: The Final Sacrifice,horror,1992
Christopher Columbus: The Discovery,"adventure, biography",1992
City of Joy,drama,1992
Class Act,comedy,1992
Consenting Adults,thriller,1992
CrissCross,drama,1992
Current,drama,1992
Damage,drama,1992
Death Becomes Her,comedy,1992
Deep Cover,thriller,1992
Diggstown,drama,1992
Dil Aashna Hai,drama,1992
Dil Ka Kya Kasoor,romance,1992
Dr. Giggles,horror,1992
Emily Brontë's Wuthering Heights,drama,1992
Encino Man,comedy,1992
Exchange Lifeguards (aka Wet and Wild Summer!),comedy,1992
Falling from Grace,drama,1992
Far and Away,drama,1992
Fifty/Fifty,comedy,1992
Final Analysis,thriller,1992
Folks!,comedy,1992
Frozen Assets,comedy,1992
Gas Food Lodging,drama,1992
Ghar Jamai,drama,1992
Gladiator,drama,1992
Glengarry Glen Ross,drama,1992
Hero,comedy,1992
Home Alone 2: Lost in New York,comedy,1992
"Honey, I Blew Up the Kid",comedy,1992
Honeymoon in Vegas,comedy,1992
Hurricane Smith,action,1992
Husbands and Wives,drama,1992
Innocent Blood,horror,1992
Insaaf Ki Devi,action,1992
Into the Sun,action,1992
Isi Ka Naam Zindagi,comedy,1992
Jaanam,romance,1992
Jennifer 8,thriller,1992
Juice,drama,1992
Just Another Girl on the I.R.T.,comedy,1992
Khuda Gawah,drama,1992
Kuffs,comedy,1992
Ladybugs,comedy,1992
Leap of Faith,drama,1992
Leaving Normal,drama,1992
Lethal Weapon 3,action,1992
Live Wire,action,1992
Love Crimes,thriller,1992
Love Field,drama,1992
Love Potion No. 9,comedy,1992
Léolo,drama,1992
Mad at the Moon,horror,1992
Malcolm X,"drama, biography",1992
Man Trouble,comedy,1992
Medicine Man,drama,1992
Memoirs of an Invisible Man,comedy,1992
Mere Sajana Saath Nibhana,drama,1992
Mistress,comedy,1992
Mo' Money,comedy,1992
Moon Warriors,action,1992
Mr Bond,action,1992
Mr. Baseball,drama,1992
Mr. Saturday Night,comedy,1992
My Cousin Vinny,comedy,1992
My New Gun,comedy,1992
Newsies,musical,1992
Nishchaiy,romance,1992
Noises Off,comedy,1992
O Pioneers!,drama,1992
Once Upon a Crime,comedy,1992
One False Move,thriller,1992
Out on a Limb,comedy,1992
Parda Hai Parda,drama,1992
Passed Away,comedy,1992
Passenger 57,action,1992
Passion Fish,drama,1992
Pet Sematary Two,horror,1992
Poison Ivy,thriller,1992
Praying with Anger,drama,1992
Prom Night IV: Deliver Us from Evil,horror,1992
Pure Country,drama,1992
Quicksand: No Escape,thriller,1992
Raat,horror,1992
Rain Without Thunder,drama,1992
Raising Cain,thriller,1992
Rapid Fire,action,1992
Revenge of the Nerds III: The Next Generation,"comedy, teen",1992
Roadside Prophets,comedy,1992
Samantha,drama,1992
Samurai Vampire Bikers From Hell,comedy,1992
Scent of a Woman,drama,1992
School Ties,drama,1992
Secret Nation,drama,1992
Shining Through,drama,1992
"Silent Night, Deadly Night 5: The Toy Maker",horror,1992
Simple Men,drama,1992
Single White Female,thriller,1992
Singles,comedy,1992
Sister Act,comedy,1992
Sleepwalkers,horror,1992
Sneakers,comedy,1992
South Central,drama,1992
Star Time,horror,1992
Stay Tuned,comedy,1992
Stop! Or My Mom Will Shoot,comedy,1992
Straight Talk,comedy,1992
Tahalka,action,1992
Tetsuo II: Body Hammer,horror,1992
That Night,romance,1992
The Crying Game,drama,1992
The Cutting Edge,romance,1992
The Gun in Betty Lou's Handbag,comedy,1992
The Hand That Rocks the Cradle,thriller,1992
The Long Day Closes,drama,1992
The Mambo Kings,drama,1992
The Nun and the Bandit,drama,1992
The Playboys,drama,1992
The Player,"drama, comedy",1992
The Power of One,drama,1992
The Public Eye,drama,1992
The Resurrected,horror,1992
The Year of the Comet,comedy,1992
Trespass,action,1992
Twin Dragons,"action, comedy",1992
Umar 55 Ki Dil Bachpan Ka,comedy,1992
Under Siege,action,1992
Unforgiven,western,1992
Universal Soldier,action,1992
Unlawful Entry,thriller,1992
Vansh,action,1992
Virodhi,action,1992
Waterland,drama,1992
Wayne's World,comedy,1992
Where the Day Takes You,drama,1992
Whispers in the Dark,thriller,1992
White Men Can't Jump,comedy,1992
Who Do I Gotta Kill?,comedy,1992
Wind,drama,1992
Yaad Rakhegi Duniya,romance,1992
Zipperface,horror,1992
Zulm Ki Hukumat,action,1992
A Bronx Tale,drama,1993
A Far Off Place,adventure,1993
A Foreign Field,drama,1993
A House in the Hills,thriller,1993
A Moment of Romance II,romance,1993
A Perfect World,"drama, crime",1993
Aadmi Khilona Hai,"drama, romance",1993
Aashiq Awara,romance,1993
Aasoo Bane Angaarey,drama,1993
Addams Family Values,comedy,1993
Airborne,comedy,1993
Alive,"drama, biography",1993
Amos & Andrew,comedy,1993
Another Stakeout,comedy,1993
Arizona Dream,drama,1993
Aspen Extreme,drama,1993
Baazigar,thriller,1993
Bank Robber,crime,1993
Because Why,comedy,1993
Bedardi,"action, crime",1993
Bedevil,horror,1993
Benny & Joon,comedy,1993
Best of the Best 2,action,1993
Bhookamp,"action, drama, family, romance",1993
Blackfellas,drama,1993
Body Melt,horror,1993
Body of Evidence,thriller,1993
Boiling Point,drama,1993
Bopha!,drama,1993
Boxing Helena,thriller,1993
CB4,comedy,1993
Cannibal! The Musical,comedy,1993
Cap Tourmente,drama,1993
Chained Heat II,thriller,1993
City Hunter,"action, comedy",1993
Cliffhanger,action,1993
Coneheads,comedy,1993
Cool Runnings,"comedy, biography",1993
Cop and a Half,comedy,1993
Crime Story,"action, crime.",1993
Dangerous Game,drama,1993
Darr,thriller,1993
Dave,comedy,1993
Dazed and Confused,comedy,1993
Deadfall,thriller,1993
Demolition Man,action,1993
Dennis the Menace,comedy,1993
Digger,drama,1993
Divya Shakti,action,1993
Dragon: The Bruce Lee Story,"drama, biography",1993
Ethan Frome,drama,1993
Evil Dead 3: Army of Darkness,"comedy, horror",1993
Excessive Force,action,1993
Extreme Justice,action,1993
Farewell My Concubine,drama,1993
Fearless,drama,1993
Fight Back to School III,comedy,1993
Fire on the Amazon,adventure,1993
First Shot,crime,1993
Flesh and Bone,drama,1993
Flirting Scholar,comedy,1993
Geetanjali,drama,1993
Geronimo: An American Legend,"biography, drama",1993
Ghost in the Machine,horror,1993
Groundhog Day,comedy,1993
Grumpy Old Men,comedy,1993
Gurudev,romance,1993
Hammers Over the Anvil,drama,1993
Hard Target,action,1993
Harmony Cats,"comedy, drama",1993
Hasti,action,1993
Heart and Souls,"comedy, fantasy",1993
Hocus Pocus,"comedy, fantasy",1993
Homeward Bound: The Incredible Journey,"adventure, family",1993
Hot Shots! Part Deux,comedy,1993
Hum Hain Kamaal Ke,"action, comedy, crime, drama",1993
Hum Hain Rahi Pyar Ke,romance,1993
I Love a Man in Uniform,drama,1993
Indecent Proposal,drama,1993
Indian Summer,"comedy, drama",1993
Insaniyat Ke Devta,"action, crime, drama, romance",1993
Jack the Bear,drama,1993
Jason Goes to Hell: The Final Friday,horror,1993
Jeevan Ki Shatranj,"action, crime, drama, romance",1993
Josh and S.A.M.,"comedy, drama",1993
Joshua Tree,action,1993
Jurassic Park,adventure,1993
Keyamat Theke Keyamat,romance,1993
Khal-Naaikaa,"crime, drama, thriller",1993
King of the Hill,drama,1993
Kshatriya,action,1993
Last Action Hero,comedy,1993
Leprechaun,horror,1993
Life with Mikey,comedy,1993
Lootere,"action, drama, musical, romance",1993
Lost in Yonkers,"comedy, drama",1993
M. Butterfly,romance,1993
Mad Dog and Glory,comedy,1993
Made in America,comedy,1993
Malice,thriller,1993
Man's Best Friend,thriller,1993
Manhattan Murder Mystery,comedy,1993
Map of the Human Heart,drama,1993
Matinee,comedy,1993
Me and the Kid,comedy,1993
Menace II Society,drama,1993
Mr. Jones,romance,1993
Mr. Nanny,comedy,1993
Mrs. Doubtfire,comedy,1993
Much Ado About Nothing,comedy,1993
Muqabla,"action, crime, drama, thriller",1993
Mustard Bath,drama,1993
My Life,drama,1993
Naked,drama,1993
Naked in New York,drama,1993
Needful Things,drama,1993
Only the Strong,action,1993
Ordinary Magic,drama,1993
Padma Nadir Majhi,drama,1993
Pardesi,action,1993
Pehchaan,"romance, drama",1993
Perfect Exchange,comedy,1993
Philadelphia,drama,1993
Phir Teri Kahani Yaad Aayee,"romance, drama",1993
Poetic Justice,drama,1993
Point of No Return,thriller,1993
Prateeksha,"action, crime",1993
Public Access,drama,1993
Puppet Master 4,horror,1993
Return of the Living Dead 3,horror,1993
Rich in Love,drama,1993
Robin Hood: Men in Tights,comedy,1993
Romeo Is Bleeding,crime,1993
Rookie of the Year,comedy,1993
Roosters,drama,1993
Rudaali,drama,1993
Rudy,"drama, biography",1993
Sankofa,drama,1993
Sardar,"biography, drama",1993
Schindler's List,drama,1993
Shadowlands,drama,1993
Short Cuts,drama,1993
Sir,"crime, drama",1993
Sister Act 2: Back in the Habit,comedy,1993
Six Degrees of Separation,drama,1993
Sliver,thriller,1993
Sniper,action,1993
So I Married an Axe Murderer,comedy,1993
Sommersby,drama,1993
Son in Law,comedy,1993
Son of the Pink Panther,comedy,1993
Splitting Heirs,comedy,1993
Striking Distance,action,1993
Suture,drama,1993
Swing Kids,drama,1993
Tahqiqaat,crime,1993
The Ballad of Little Jo,western,1993
The Beverly Hillbillies,comedy,1993
The Cement Garden,drama,1993
The Cemetery Club,drama,1993
The Crush,thriller,1993
The Final Judgement,crime,1993
The Firm,drama,1993
The Good Son,thriller,1993
The House of the Spirits,drama,1993
The Joy Luck Club,drama,1993
The Lotus Eaters,drama,1993
The Man Without a Face,drama,1993
The Meteor Man,comedy,1993
The Music of Chance,drama,1993
The Pelican Brief,thriller,1993
The Piano,drama,1993
The Remains of the Day,drama,1993
The Secret Rapture,drama,1993
The Sex of the Stars,drama,1993
The Silver Brumby,drama,1993
The Temp,thriller,1993
The Thing Called Love,"comedy, drama",1993
The Vanishing,thriller,1993
The Wedding Banquet,"drama, comedy",1993
This Boy's Life,drama,1993
Three of Hearts,"drama, romance",1993
"Tom, Dick and Hairy",comedy,1993
Tombstone,"western, biography",1993
Totally F***ed Up,drama,1993
Twenty Bucks,comedy,1993
Undercover Blues,comedy,1993
Waqt Hamara Hai,"action, romance",1993
Warlock: The Armageddon,horror,1993
Wayne's World 2,comedy,1993
Weekend at Bernie's II,comedy,1993
What's Eating Gilbert Grape,drama,1993
What's Love Got to Do with It,"biography, drama",1993
Who's the Man?,comedy,1993
Woman Sesame Oil Maker,drama,1993
Woman of Desire,drama,1993
Wrestling Ernest Hemingway,drama,1993
Younger and Younger,comedy,1993
Zakhmo Ka Hisaab,"action, crime, drama",1993
1942: A Love Story,"romance, social",1994
3 Chains o' Gold,musical,1994
3 Ninjas Kick Back,"action, family",1994
A Business Affair,comedy,1994
A Low Down Dirty Shame,comedy,1994
A Man of No Importance,drama,1994
A Million to Juan,comedy,1994
A Simple Twist of Fate,drama,1994
A Time to Heal,drama,1994
Aa Gale Lag Jaa,romance,1994
Above the Rim,drama,1994
Abraham,drama,1994
Ace Ventura: Pet Detective,comedy,1994
Airheads,comedy,1994
Al-Mohager (The Emigrant),drama,1994
Alien Nation: Dark Horizon,drama,1994
Amanaat,"action, adventure",1994
Amateur,"comedy, drama",1994
Andre,"family, drama",1994
Angie,drama,1994
Anjaam,"drama, thriller",1994
Another Midnight Run,action,1994
Anth,action,1994
Baby's Day Out,comedy,1994
Bad Girls,western,1994
Barcelona,drama,1994
Beretta's Island,drama,1994
Beverly Hills Cop III,"action, comedy",1994
Blank Check,comedy,1994
Blankman,comedy,1994
Blind Justice,drama,1994
Blink,thriller,1994
Blue Chips,"drama, sports",1994
Blue Sky,drama,1994
Brainscan,drama,1994
Breathing Lessons,drama,1994
Bullets over Broadway,comedy,1994
Cabin Boy,comedy,1994
Camp Nowhere,"family, comedy",1994
"Car 54, Where Are You?",comedy,1994
Chaand Kaa Tukdaa,"action, comedy, drama",1994
Chasers,comedy,1994
City Slickers II: The Legend of Curly's Gold,comedy,1994
Clean Slate,comedy,1994
"Clean, Shaven",drama,1994
Clear and Present Danger,"action, drama",1994
Clerks,comedy,1994
Clifford,comedy,1994
Cobb,"biography, drama",1994
Color of Night,thriller,1994
Confessions of a Sorority Girl,drama,1994
Cool and the Crazy,drama,1994
Cops and Robbersons,comedy,1994
"Corrina, Corrina","comedy, drama",1994
Crooklyn,drama,1994
Dance Me Outside,drama,1994
Deadly Target,action,1994
Death Wish V: The Face of Death,drama,1994
Dilwale,romance,1994
Dirt,drama,1994
Disclosure,thriller,1994
Double Dragon,action,1994
Dream Lover,"drama, thriller",1994
Drop Zone,action,1994
Drunken Master II,"action, kung fu, comedy",1994
Dulaara,thriller,1994
Dumb and Dumber,comedy,1994
Ed Wood,"comedy, biography",1994
Eena Meena Deeka,"action, crime, comedy",1994
Ernest Goes to School,comedy,1994
Even Cowgirls Get the Blues,"drama, comedy",1994
Exit to Eden,"drama, comedy",1994
Exotica,drama,1994
F.T.W.,drama,1994
Fast Getaway II,action,1994
Fear of a Black Hat,drama,1994
Fist of Legend,"kung fu, action",1994
Forrest Gump,drama,1994
Fresh,drama,1994
Getting Even with Dad,comedy,1994
Go Fish,drama,1994
Gopi Kishan,"action, comedy, crime, drama",1994
Greedy,comedy,1994
Guarding Tess,comedy,1994
Hail Caesar,comedy,1994
"He's a Woman, She's a Man","comedy, romance, drama",1994
Henry & Verlin,drama,1994
House Party 3,comedy,1994
Hum Aapke Hain Koun..!,romance,1994
I Like It Like That,comedy,1994
I'll Do Anything,"comedy, drama",1994
In the Army Now,comedy,1994
Intersection,drama,1994
Interview with the Vampire,horror,1994
Is There Life Out There?,drama,1994
It Could Happen to You,romance,1994
It's Pat,comedy,1994
Jacob,drama,1994
Jason's Lyric,"drama, romance",1994
Jimmy Hollywood,"drama, comedy",1994
Junior,comedy,1994
Kabhi Haan Kabhi Naa,romance,1994
Khuddar,action,1994
Killing Zoe,thriller,1994
Knight Rider 2010,action,1994
Kranti Kshetra,action,1994
Krantiveer,"drama, romance",1994
Laadla,drama,1994
"Ladybird, Ladybird",drama,1994
Legends of the Fall,drama,1994
Leprechaun 2,horror,1994
Lightning Jack,comedy,1994
Little Big League,comedy,1994
Little Buddha,drama,1994
Little Giants,comedy,1994
Love and a .45,comedy,1994
Love on Delivery,comedy,1994
Main Khiladi Tu Anari,"action, comedy",1994
Major League II,comedy,1994
Mammo,drama,1994
Mary Shelley's Frankenstein,horror,1994
Maverick,comedy,1994
Men of War,action,1994
Midnight Run for Your Life,comedy,1994
Milk Money,comedy,1994
Mixed Nuts,comedy,1994
Mohra,action,1994
My Father the Hero,comedy,1994
My Friend Max (Mon amie Max),drama,1994
My Girl 2,comedy,1994
My Summer Story,comedy,1994
Naaraaz,"action, crime, drama",1994
Naked Gun 33⅓: The Final Insult,comedy,1994
National Lampoon's Last Resort,comedy,1994
Natural Born Killers,action,1994
Nell,drama,1994
North,"comedy, fantasy",1994
On Deadly Ground,action,1994
Out of Darkness,drama,1994
PCU,comedy,1994
Paramaatma,"action, drama, fantasy",1994
Phantasm III: Lord of the Dead,horror,1994
Police Academy: Mission to Moscow,comedy,1994
Pontiac Moon,adventure,1994
Princess Caraboo,"biography, comedy",1994
Pulp Fiction,"action, comedy",1994
Pumpkinhead II: Blood Wings,horror,1994
Puppet Master 5: The Final Chapter,horror,1994
Quiz Show,"drama, biography",1994
Radio Inside,drama,1994
Radioland Murders,comedy,1994
Raja Babu,comedy,1994
Rapa Nui,adventure,1994
Raw Justice,action,1994
Reality Bites,comedy,1994
"Red Firecracker, Green Firecracker",drama,1994
Renaissance Man,comedy,1994
Revenge of the Nerds IV: Nerds in Love,comedy,1994
Richie Rich,"comedy, family",1994
Roadracers,drama,1994
S.F.W.,comedy,1994
Saajan Ka Ghar,"drama, family",1994
Second Best,drama,1994
Serial Mom,comedy,1994
Shallow Grave,thriller,1994
Shatter Dead,horror,1994
Silent Fall,thriller,1994
Silent Tongue,western,1994
Sioux City,drama,1994
Spanking the Monkey,comedy,1994
Speechless,comedy,1994
Speed,thriller,1994
Squanto: A Warrior's Tale,adventure,1994
Street Fighter,action,1994
Surviving the Game,action,1994
Swimming with Sharks,comedy,1994
Teesra Kaun?,"comedy, drama, thriller",1994
Texas Chainsaw Massacre: The Next Generation,horror,1994
The Air Up There,comedy,1994
The Birds II: Land's End,thriller,1994
The Cowboy Way,comedy,1994
The Crow,action,1994
The Favor,comedy,1994
The Flintstones,comedy,1994
The Force,drama,1994
The Gentleman,action,1994
The Hudsucker Proxy,comedy,1994
The Last Seduction,drama,1994
The Last Supper,drama,1994
The Little Rascals,comedy,1994
The Lurking Fear,horror,1994
The Mask,comedy,1994
The Monster,comedy,1994
The New Legend of Shaolin,"kung fu, comedy",1994
The Next Karate Kid,action,1994
The Paper,comedy,1994
The Ref,comedy,1994
The River Wild,thriller,1994
The Road to Wellville,"comedy, biography",1994
The Santa Clause,comedy,1994
The Scout,comedy,1994
The Secret of Roan Inish,drama,1994
The Shadow,action,1994
The Shawshank Redemption,drama,1994
The Silence of the Hams,comedy,1994
The Specialist,thriller,1994
The Stoned Age,comedy,1994
The Three Swordsmen,"wuxia, comedy",1994
The War,drama,1994
Threesome,drama,1994
Tian Di,crime,1994
Timecop,"action, science fiction",1994
To Live,drama,1994
Tom & Viv,drama,1994
Trapped in Paradise,comedy,1994
Trial by Jury,thriller,1994
Troublemakers,comedy,1994
True Lies,"action, comedy",1994
Undefeatable,action,1994
Vijaypath,"romance, drama",1994
Wagons East!,comedy,1994
Wes Craven's New Nightmare,horror,1994
What Happened Was,drama,1994
When a Man Loves a Woman,drama,1994
White Fang 2: Myth of the White Wolf,drama,1994
With Honors,drama,1994
Without Warning,drama,1994
Woh Chokri,drama,1994
Wolf,horror,1994
Wyatt Earp,"western, biography",1994
Yeh Dillagi,romance,1994
Zaalim,action,1994
Zakhmi Dil,"action, romance",1994
3 Ninjas Knuckle Up,comedy,1995
A Kid in King Arthur's Court,comedy,1995
A Midwinter's Tale,drama,1995
A Mongolian Tale,drama,1995
A Month by the Lake,romance,1995
A Walk in the Clouds,drama,1995
Ace Ventura: When Nature Calls,comedy,1995
All Men Are Liars,comedy,1995
An Awfully Big Adventure,comedy,1995
Angels and Insects,drama,1995
Angus,comedy,1995
Apollo 13,"drama, biography",1995
Assassins,action,1995
Bang,drama,1995
Banglar Nayok,action,1995
Baywatch the Movie: Forbidden Paradise,drama,1995
Before Sunrise,romance,1995
Beyond Rangoon,"biography, drama",1995
Billy Madison,comedy,1995
Black List (Liste noire),drama,1995
Bloodfist VI: Ground Zero,action,1995
Blue Juice,drama,1995
Blue in the Face,comedy,1995
Blush,drama,1995
Born to Be Wild,comedy,1995
Boys on the Side,"comedy, drama",1995
Braveheart,"drama, biography",1995
Bushwhacked,comedy,1995
Butterfly Kiss,drama,1995
Bye Bye Love,comedy,1995
Canadian Bacon,"comedy, satire",1995
Candyman 2: Farewell to the Flesh,horror,1995
Carnosaur 2,horror,1995
Casper,comedy,1995
Castle Freak,horror,1995
Children of the Corn III: Urban Harvest,horror,1995
Circle of Friends,drama,1995
Clockers,drama,1995
Clockwork Mice,drama,1995
Clueless,comedy,1995
Coldblooded,"comedy, thriller",1995
Congo,"science fiction, adventure",1995
Copycat,thriller,1995
Crimson Tide,thriller,1995
"Cry, the Beloved Country",drama,1995
Crying Freeman,action,1995
Cutthroat Island,adventure,1995
Dead Man,western,1995
Dead Man Walking,drama,1995
Demon Knight,horror,1995
Den Mohor,"romance, drama",1995
Desperado,"comedy, action",1995
Die Hard with a Vengeance,action,1995
Dil Ka Doctor,comedy,1995
Diya Aur Toofan,"science fiction, crime, thriller",1995
Don Juan DeMarco,comedy,1995
Don't Give a Damn,action,1995
Dr. Jekyll and Ms. Hyde,comedy,1995
Dracula: Dead and Loving It,comedy,1995
Dream a Little Dream 2,comedy,1995
Ebbie,drama,1995
Eko Eko Azarak: Wizard of Darkness,horror,1995
Empire Records,"comedy, drama",1995
Fair Game,action,1995
Fall Time,crime,1995
Far from Home: The Adventures of Yellow Dog,adventure,1995
Father of the Bride Part II,comedy,1995
Feast of July,drama,1995
Flirt,comedy,1995
Forget Paris,comedy,1995
Free Willy 2: The Adventure Home,"adventure, family",1995
Friday,"comedy, drama",1995
From the Mixed-Up Files of Mrs. Basil E. Frankweiler,drama,1995
Full Body Massage,drama,1995
Full Throttle,drama,1995
Funny Bones,comedy,1995
Get Shorty,"crime, comedy",1995
Getting Any?,comedy,1995
"Good Men, Good Women",drama,1995
Grumpier Old Men,comedy,1995
Hackers,thriller,1995
Halloween: The Curse of Michael Myers,horror,1995
Harrison Bergeron,drama,1995
Hathkadi,action,1995
Haunted,horror,1995
Heavy,drama,1995
Heavyweights,comedy,1995
Here Come The Munsters,comedy,1995
Hideaway,comedy,1995
Higher Learning,drama,1995
Home for the Holidays,comedy,1995
Houseguest,comedy,1995
ID,drama,1995
In the Mouth of Madness,horror,1995
Iron Eagle IV,action,1995
Iron Monkey 2,action,1995
It Takes Two,comedy,1995
Jack-O,horror,1995
Jade,thriller,1995
Jefferson in Paris,"drama, biography",1995
Jeffrey,drama,1995
Joseph,drama,1995
Jury Duty,comedy,1995
Kalyug Ke Avtaar,"action, romance",1995
Kids,drama,1995
Last of the Dogmen,adventure,1995
Leaving Las Vegas,drama,1995
Life 101,comedy,1995
Little Criminals,crime,1995
Living in Oblivion,drama,1995
Lord of Illusions,horror,1995
Losing Isaiah,drama,1995
Love Letter,"drama, romance",1995
Maborosi,"drama, mystery",1995
Mad Dogs and Englishmen,thriller,1995
Major Payne,comedy,1995
Mallrats,comedy,1995
Man of the House,comedy,1995
Margaret's Museum,drama,1995
Miami Rhapsody,comedy,1995
Mighty Aphrodite,comedy,1995
Money Train,action,1995
Moonlight and Valentino,"comedy, drama",1995
Mr. Holland's Opus,drama,1995
My Family,drama,1995
Naseem,drama,1995
National Lampoon's Senior Trip,comedy,1995
Never Talk to Strangers,thriller,1995
Nishana,"drama, family",1995
Nothing Personal,drama,1995
Now and Then,comedy,1995
Othello,drama,1995
Outbreak,drama,1995
Palookaville,comedy,1995
Panther,drama,1995
Parallel Sons,drama,1995
Payback,action,1995
Persuasion,drama,1995
Postman,drama,1995
Powder,drama,1995
Problem Child 3: Junior in Love,comedy,1995
Rain Clouds over Wushan,drama,1995
Restoration,drama,1995
Rob Roy,adventure,1995
Rock Dancer,musical,1995
Roommates,comedy,1995
Safe,drama,1995
Sauda,romance,1995
Sense and Sensibility,drama,1995
Seven,thriller,1995
Shopner Thikana,romance,1995
Showgirls,drama,1995
Sister My Sister,drama,1995
Sixty Million Dollar Man,comedy,1995
Slam Dunk Ernest,comedy,1995
Sleepstalker,horror,1995
Smoke,drama,1995
Soldier Boyz,action,1995
Soul Survivor,drama,1995
Species,"science fiction, thriller",1995
Stuart Saves His Family,comedy,1995
Sudden Death,action,1995
Tank Girl,action,1995
The Addiction,horror,1995
The Big Green,comedy,1995
The Brady Bunch Movie,comedy,1995
The Bridges of Madison County,drama,1995
The Brothers McMullen,"comedy, drama",1995
The Crossing Guard,drama,1995
The Cure,comedy,1995
The Glass Shield,drama,1995
The Great Mom Swap,comedy,1995
The Hills Have Eyes III,horror,1995
The Immortals,drama,1995
The Jerky Boys: The Movie,comedy,1995
The Mangler,horror,1995
The Nature of the Beast,horror,1995
The Passion of Darkly Noon,drama,1995
The Power Within,drama,1995
The Quick and the Dead,western,1995
The Stars Fell on Henrietta,drama,1995
The Surrogate,drama,1995
The Tie That Binds,thriller,1995
Theodore Rex,comedy,1995
"To Wong Foo, Thanks for Everything! Julie Newmar",comedy,1995
To the Limit,drama,1995
Tokyo Fist,"avant-garde, horror",1995
Tom and Huck,"comedy, family",1995
Tommy Boy,comedy,1995
Top Dog,comedy,1995
Two Bits,drama,1995
Two Deaths,drama,1995
Under Siege 2: Dark Territory,action,1995
Underneath,drama,1995
Vampire in Brooklyn,"comedy, horror",1995
Village of the Damned,horror,1995
Waiting to Exhale,drama,1995
Waterworld,"action, science fiction",1995
Welcome to the Dollhouse,drama,1995
When Night Is Falling,drama,1995
Whisper of the Heart,drama,1995
White Man's Burden,drama,1995
Wild Bill,western,1995
Wild Side,drama,1995
Without Evidence,drama,1995
101 Dalmatians,comedy,1996
2 Days in the Valley,"comedy, crime",1996
A Family Thing,comedy,1996
A Mother's Instinct,drama,1996
A Thin Line Between Love and Hate,comedy,1996
A Time to Kill,drama,1996
A Very Brady Sequel,comedy,1996
Aatank,action,1996
Agni Sakshi,"thriller, drama",1996
Amityville Dollhouse,horror,1996
Andersonville,drama,1996
Army,drama,1996
Back to Back,"action, drama",1996
Bad Moon,horror,1996
Bambai Ka Babu,"action, romance",1996
Barb Wire,"action, science fiction",1996
Basquiat,"biography, drama",1996
Bastard Out of Carolina,drama,1996
Bed of Roses,romance,1996
Before and After,"drama, thriller",1996
Bhishma,action,1996
Big Bully,comedy,1996
Big Night,drama,1996
Bio-Dome,comedy,1996
Bloodsport II: The Next Kumite,action,1996
Bottle Rocket,comedy,1996
Bound,thriller,1996
Boyfriends,drama,1996
Boys,drama,1996
Brassed Off,comedy,1996
Breaking the Waves,drama,1996
Bullet,drama,1996
Busted,comedy,1996
Butch Camp,comedy,1996
Cannes Man,drama,1996
Carnosaur 3: Primal Species,horror,1996
Carpool,comedy,1996
Carried Away,drama,1996
Celtic Pride,comedy,1996
Chhote Sarkar,drama,1996
Children of the Corn IV: The Gathering,horror,1996
Christmas Every Day,drama,1996
Citizen Ruth,"comedy, drama",1996
City Hall,drama,1996
Crimetime,thriller,1996
Dallas: J.R. Returns,drama,1996
Dastak,thriller,1996
Deadly Outbreak,action,1996
Dear God,comedy,1996
Demolition High,action,1996
Diabolique,thriller,1996
Different for Girls,comedy,1996
Dil Tera Deewana,"romance, thriller",1996
Diljale,action,1996
Don't Be a Menace to South Central While Drinking Your Juice in the Hood,comedy,1996
Don't Look Up,horror,1996
Dorf on the Diamond,comedy,1996
Down Periscope,comedy,1996
Dunston Checks In,comedy,1996
Dushman Duniya Ka,drama,1996
Ed,comedy,1996
Eddie,comedy,1996
Ek Anari Do Khiladi,"action, romance, drama",1996
Element of Doubt,thriller,1996
English Babu Desi Mem,romance,1996
Eraser,action,1996
Escape from L.A.,action,1996
Evita,musical,1996
Executive Decision,action,1996
Extreme Measures,thriller,1996
Eye for an Eye,thriller,1996
Faithful,comedy,1996
Fareb,thriller,1996
Feeling Minnesota,drama,1996
Fire,drama,1996
First Kid,comedy,1996
Fled,crime,1996
Flirting with Disaster,comedy,1996
Freeway,drama,1996
Frequent Flyer,drama,1996
From Dusk Till Dawn,horror,1996
Generation X,action,1996
Get on the Bus,drama,1996
Getting Away with Murder,comedy,1996
Ghatak,"action, romance",1996
Girl 6,drama,1996
Gotti,"biogtaphy, crime, drama",1996
Grace of My Heart,drama,1996
Hahakaar,"action, crime, drama",1996
Hamlet,drama,1996
Happy Gilmore,comedy,1996
Hard Eight,drama,1996
Hellraiser: Bloodline,horror,1996
High School High,comedy,1996
Hollow Point,action,1996
Hotel de Love,comedy,1996
House Arrest,comedy,1996
"I Love You, I Love You Not",drama,1996
I Shot Andy Warhol,drama,1996
I'm Not Rappaport,drama,1996
Idiot Box,drama,1996
If These Walls Could Talk,drama,1996
Irma Vep,drama,1996
It's My Party,drama,1996
Jaan,"action, romance",1996
Jack,"comedy, drama",1996
Jake's Women,comedy,1996
Jerry Maguire,"comedy, drama",1996
Jingle All the Way,"comedy, family",1996
Joe's Apartment,comedy,1996
Johns,drama,1996
Jude,drama,1996
Kama Sutra: A Tale of Love,drama,1996
Kansas City,drama,1996
Khamoshi: The Musical,"social, romance",1996
Khiladiyon Ka Khiladi,action,1996
Killer: A Journal of Murder,drama,1996
Kingpin,comedy,1996
Kissed,drama,1996
Kounterfeit,thriller,1996
Krishna,"romance, action",1996
Larger Than Life,comedy,1996
Last Dance,drama,1996
Last Man Standing,drama,1996
Lewis and Clark and George,drama,1996
Listen,thriller,1996
Little Witches,horror,1996
Love Is All There Is,comedy,1996
Maachis,"crime, war",1996
Mafia,action,1996
Magenta,drama,1996
Majhdhaar,drama,1996
Marvin's Room,drama,1996
Mary Reilly,drama,1996
Maximum Risk,action,1996
Memory Run,action,1996
Mission: Impossible,action,1996
Mojave Moon,drama,1996
Moll Flanders,drama,1996
Mother,comedy,1996
Mother Night,drama,1996
Mr. Bechara,"comedy, drama",1996
Mr. Wrong,comedy,1996
Mrs. Winterbourne,drama,1996
Multiplicity,comedy,1996
My Fellow Americans,comedy,1996
Mystery Science Theater 3000: The Movie,"comedy, science fiction",1996
Naked Blood,horror,1996
Organ,horror,1996
Original Gangstas,drama,1996
"Our Son, the Matchmaker",comedy,1996
Pandora's Clock,thriller,1996
Parklands,drama,1996
Phat Beach,comedy,1996
Phenomenon,drama,1996
Pinocchio's Revenge,horror,1996
Poison Ivy II: Lily,thriller,1996
Race the Sun,drama,1996
Raja Hindustani,romance,1996
Raja Ki Aayegi Baraat,drama,1996
Rakshak,action,1996
Rasputin: Dark Servant of Destiny,drama,1996
Return of Jewel Thief,crime,1996
Riders of the Purple Sage,western,1996
Saajan Chale Sasural,"comedy, romance",1996
Sanshodhan,drama,1996
Santa Claws,horror,1996
Santa with Muscles,"action, comedy",1996
Sapoot,"romance, action, drama",1996
Sardari Begum,drama,1996
Scream,"horror, slasher",1996
Secrets & Lies,drama,1996
Set It Off,drama,1996
Sgt. Bilko,comedy,1996
Shastra,action,1996
She Cried No,drama,1996
Silent Trigger,drama,1996
Skin & Bone,drama,1996
Sleepers,drama,1996
Sling Blade,drama,1996
Small Faces,drama,1996
Snowboard Academy,comedy,1996
Spy Hard,comedy,1996
Stealing Beauty,drama,1996
Stella Does Tricks,drama,1996
Striptease,comedy,1996
Sunset Park,drama,1996
Supermarket Woman,comedy,1996
Susie Q,drama,1996
Swingers,comedy,1996
Talk to Me,drama,1996
That Thing You Do!,"drama, musical",1996
The Associate,comedy,1996
The Birdcage,comedy,1996
The Boys Next Door,drama,1996
The Cable Guy,comedy,1996
The Chamber,drama,1996
The Cherokee Kid,drama,1996
The Crow: City of Angels,action,1996
The Crucible,drama,1996
The Daytrippers,drama,1996
The Empty Mirror,drama,1996
The English Patient,drama,1996
The Evening Star,drama,1996
The Face,drama,1996
The First Wives Club,comedy,1996
The Frighteners,horror,1996
The Funeral,drama,1996
The Ghost and the Darkness,adventure,1996
The Glimmer Man,action,1996
The Great White Hype,comedy,1996
The Last Days of Frankie the Fly,crime,1996
The Leading Man,thriller,1996
The Long Kiss Goodnight,action,1996
The Man Who Captured Eichmann,drama,1996
The Mirror Has Two Faces,romance,1996
The Pallbearer,comedy,1996
The Pillow Book,drama,1996
The Pompatus of Love,comedy,1996
The Portrait of a Lady,drama,1996
The Quest,action,1996
The Quiet Room,drama,1996
The Rich Man's Wife,drama,1996
The Rock,action,1996
The Spitfire Grill,drama,1996
The Stupids,comedy,1996
The Substitute,drama,1996
The Sunchaser,drama,1996
The Toilers and the Wayfarers,drama,1996
The Trigger Effect,drama,1996
The Truth About Cats & Dogs,comedy,1996
The War at Home,drama,1996
The Watermelon Woman,drama,1996
The Winner,drama,1996
Thinner,horror,1996
To Brave Alaska,"adventure, drama",1996
To Gillian on Her 37th Birthday,drama,1996
"To Sir, with Love II",drama,1996
Toad Warrior,"action, sci-fi",1996
Tornado!,action,1996
Trainspotting,drama,1996
Trees Lounge,drama,1996
Tremors 2: Aftershocks,horror,1996
Trilogy of Terror II,horror,1996
Tromeo and Juliet,drama,1996
Tu Chor Main Sipahi,"comedy, drama",1996
Twelfth Night,comedy,1996
Twisted Desire,drama,1996
Unforgettable,drama,1996
Unhook the Stars,drama,1996
Up Close & Personal,drama,1996
Victory,drama,1996
Walking and Talking,drama,1996
Werewolf,horror,1996
White Squall,drama,1996
William Shakespeare's Romeo + Juliet,drama,1996
Windsor Protocol,drama,1996
Yodha,action,1996
97 Aces Go Places,comedy,1997
A Better Place,drama,1997
A River Made to Drown In,drama,1997
A Smile Like Yours,comedy,1997
A Thousand Acres,drama,1997
Aberration,horror,1997
Addicted to Love,comedy,1997
Aflatoon,action,1997
Afterglow,drama,1997
Against the Law,action,1997
Agnichakra,action,1997
Air Force One,thriller,1997
"All's Well, Ends Well 1997",comedy,1997
American Perfekt,drama,1997
Amistad,drama,1997
An Alan Smithee Film: Burn Hollywood Burn,comedy,1997
An American Werewolf in Paris,horror,1997
Anaconda,horror,1997
Aur Pyaar Ho Gaya,romance,1997
B*A*P*S,comedy,1997
Bean,comedy,1997
Below Utopia,thriller,1997
Bent,drama,1997
Best Men,comedy,1997
Beverly Hills Ninja,comedy,1997
Bhai,action,1997
Blackrock,drama,1997
Bloodsport III,action,1997
Bongwater,comedy,1997
Boogie Nights,drama,1997
Booty Call,comedy,1997
Breakdown,thriller,1997
Breast Men,drama,1997
Bring Me the Head of Mavis Davis,comedy,1997
Broadway Damage,comedy,1997
Buddy,drama,1997
Campfire Tales,horror,1997
Cannibal Rollerbabes,horror,1997
Career Girls,drama,1997
Casper: A Spirited Beginning,comedy,1997
Chasing Amy,comedy,1997
Chinese Box,drama,1997
City of Industry,drama,1997
Clockwatchers,comedy,1997
Colors of the Blind,drama,1997
Con Air,action,1997
Conspiracy Theory,thriller,1997
Coven,horror,1997
Crowned and Dangerous,thriller,1997
Cube,thriller,1997
Cure,thriller,1997
Daava,"action, comedy, romance",1997
Danger Zone,action,1997
Dangerous Ground,thriller,1997
Darklands,horror,1997
Daud,"romance, crime",1997
Deconstructing Harry,comedy,1997
Deewana Mastana,"romance, comedy",1997
Def Jam's How to Be a Player,comedy,1997
Defying Gravity,drama,1997
Demolition University,action,1997
Detective Conan: The Time-Bombed Skyscraper,crime,1997
Dhaal,action,1997
Dil To Pagal Hai,"comedy, drama, romance",1997
Dogtown,drama,1997
Double Team,action,1997
Dream with the Fishes,drama,1997
"Drive, She Said","drama, romance",1997
Eight Days a Week,comedy,1997
Eighteen Springs,drama,1997
Elvis Meets Nixon,comedy,1997
Ernest Goes to Africa,comedy,1997
Eve's Bayou,drama,1997
Excess Baggage,comedy,1997
Face/Off,action,1997
Fathers' Day,comedy,1997
Fierce Creatures,comedy,1997
Fitness Tour,comedy,1997
Flubber,"comedy, fantasy",1997
For Richer or Poorer,comedy,1997
G.I. Jane,action,1997
George of the Jungle,comedy,1997
Ghulam-E-Mustafa,"action, crime, drama",1997
Going All the Way,drama,1997
Gone Fishin',comedy,1997
Good Burger,comedy,1997
Good Will Hunting,drama,1997
Goodbye America,action,1997
Gridlock'd,"comedy, crime",1997
Grosse Pointe Blank,comedy,1997
Gudgudee,"musical, romance",1997
Gupt: The Hidden Truth,thriller,1997
Hacks,comedy,1997
Henry Fool,drama,1997
Highball,comedy,1997
Himalay Putra,"drama, romance",1997
Hoodlum,crime,1997
Hugo Pool,comedy,1997
Hurricane Streets,drama,1997
I Know What You Did Last Summer,horror,1997
I'm Bout It,drama,1997
In & Out,comedy,1997
In the Company of Men,comedy,1997
In the Gloaming,drama,1997
Insaaf,action,1997
Intensity,thriller,1997
Inventing the Abbotts,comedy,1997
Ishq,"romance, comedy",1997
Island of Greed,crime,1997
It's In the Water,drama,1997
Jeevan Yudh,"action, drama, family",1997
Judge Mujrim,action,1997
Judwaa,comedy,1997
Jungle 2 Jungle,comedy,1997
Keeping the Promise,"family, drama",1997
Keys to Tulsa,drama,1997
Kiss the Girls,"crime, thriller",1997
Kitchen Party,"comedy, drama",1997
Koyla,drama,1997
Krantikari,"action, crime, drama",1997
Last Stand at Saber River,western,1997
Lawn Dogs,drama,1997
Legend of the Wolf,action,1997
Leprechaun 4: In Space,horror,1997
Les Boys,comedy,1997
Liar Liar,comedy,1997
Love and Death on Long Island,drama,1997
Mahaanta,"action, drama",1997
Meet Wally Sparks,comedy,1997
Metro,action,1997
Metroland,comedy,1997
Mimic,horror,1997
Miss Evers' Boys,drama,1997
Money Talks,comedy,1997
Mortal Kombat: Annihilation,action,1997
Most Wanted,action,1997
Mrityudata,action,1997
Mrs Dalloway,drama,1997
Murder at 1600,thriller,1997
My Son the Fanatic,drama,1997
My Teacher Ate My Homework,comedy,1997
Nevada,drama,1997
Night of the Demons 3,horror,1997
Nil by Mouth,drama,1997
Nothing to Lose,comedy,1997
Nowhere,drama,1997
Office Killer,comedy,1997
On the 2nd Day of Christmas,drama,1997
Once Upon a Time in China and America,action,1997
One Eight Seven,thriller,1997
One Night Stand,drama,1997
Orgazmo,comedy,1997
Oscar and Lucinda,drama,1997
Out to Sea,comedy,1997
Perfect Body,drama,1997
Picture Perfect,romance,1997
Playing God,drama,1997
Prefontaine,"biography, drama",1997
Princess Mononoke,"fantasy, adventure",1997
Qahar,action,1997
Quicksilver Highway,drama,1997
Quiet Days in Hollywood,drama,1997
Red Corner,thriller,1997
Road to Nhill,comedy,1997
RocketMan,comedy,1997
Romy and Michele's High School Reunion,comedy,1997
Rosewood,drama,1997
Rough Riders,drama,1997
Sanam,romance,1997
Sapnay,romance,1997
Scream 2,horror,1997
Seven Years in Tibet,drama,1997
Shadow Conspiracy,drama,1997
She's So Lovely,drama,1997
Shooting Fish,comedy,1997
Shrieker,horror,1997
Six Ways to Sunday,drama,1997
Snow White: A Tale of Terror,horror,1997
Soul Food,"comedy, drama",1997
Spawn,horror,1997
Speed 2: Cruise Control,action,1997
Spiceworld: The Movie,comedy,1997
Sprung,comedy,1997
Steel,action,1997
Suicide Kings,drama,1997
Swept from the Sea,drama,1997
Switchback,thriller,1997
Taraazu,action,1997
Telling Lies in America,drama,1997
That Old Feeling,comedy,1997
The Apostle,drama,1997
The Assignment,drama,1997
The Beautician and the Beast,comedy,1997
The Boxer,drama,1997
The Boys Club,drama,1997
The Castle,comedy,1997
The Devil's Advocate,thriller,1997
The Edge,thriller,1997
The Full Monty,comedy,1997
The Hanging Garden,drama,1997
The House of Yes,comedy,1997
The Ice Storm,drama,1997
The Informant,drama,1997
The Jackal,thriller,1997
The Last Time I Committed Suicide,drama,1997
The Man Who Knew Too Little,comedy,1997
The Myth of Fingerprints,drama,1997
The Night Flier,horror,1997
The Odyssey,adventure,1997
The Peacemaker,action,1997
The Relic,horror,1997
The Saint,thriller,1997
The Serpent's Kiss,drama,1997
The Spanish Prisoner,drama,1997
The Twilight of the Golds,drama,1997
The Wings of the Dove,drama,1997
The Winter Guest,drama,1997
The Woodlanders,drama,1997
"This World, Then the Fireworks",drama,1997
Touch,comedy,1997
Tower of Terror,horror,1997
Trial and Error,comedy,1997
Trojan War,comedy,1997
"Truth or Consequences, N.M.",drama,1997
Turbulence,action,1997
U Turn,"thriller, comedy",1997
Under the Lighthouse Dancing,drama,1997
Vegas Vacation,comedy,1997
Velocity Trap,action,1997
Wag the Dog,comedy,1997
Washington Square,drama,1997
Weapons of Mass Distraction,comedy,1997
Welcome to Sarajevo,drama,1997
Welcome to Woop Woop,comedy,1997
What the Deaf Man Heard,drama,1997
Wild America,adventure,1997
Wishmaster,horror,1997
Yes Boss,"comedy, romance",1997
…First Do No Harm,drama,1997
2001: Do Hazaar Ek,"crime, drama, mystery",1998
54,drama,1998
A Bug's Life,comedy,1998
A Civil Action,drama,1998
A Night at the Roxbury,comedy,1998
A Perfect Murder,thriller,1998
A Price Above Rubies,drama,1998
A Simple Plan,drama,1998
Addams Family Reunion,comedy,1998
Almost Heroes,comedy,1998
Ambushed,thriller,1998
American History X,drama,1998
Among Giants,drama,1998
April Story,drama,1998
Apt Pupil,thriller,1998
Armageddon,drama,1998
August 32nd on Earth (Un 32 août sur terre),drama,1998
Aunty No. 1,comedy,1998
B. Monkey,drama,1998
BASEketball,comedy,1998
Bade Miyan Chote Miyan,comedy,1998
Basil,drama,1998
Belly,drama,1998
Beloved,drama,1998
Besieged,drama,1998
Billy's Hollywood Screen Kiss,comedy,1998
Black Dog,action,1998
Blade,horror,1998
Blues Brothers 2000,comedy,1998
Break Up,thriller,1998
Bride of Chucky,horror,1998
Broken Vessels,drama,1998
Brown's Requiem,crime,1998
Buffalo '66,drama,1998
Bulworth,comedy,1998
Can't Hardly Wait,comedy,1998
Casper Meets Wendy,comedy,1998
Celebrity,comedy,1998
Chairman of the Board,comedy,1998
Cider with Rosie,drama,1998
Clay Pigeons,drama,1998
Croupier,drama,1998
Curse of the Puppet Master,horror,1998
Dance with Me,romance,1998
"Dancer, Texas Pop. 81",comedy,1998
Dangerous Beauty,drama,1998
Dead Man on Campus,comedy,1998
Deep Rising,horror,1998
Desperate Measures,drama,1998
Digging to China,drama,1998
Dil Se..,drama,1998
Dirty Work,comedy,1998
Disturbing Behavior,thriller,1998
Dog Park,comedy,1998
Doli Saja Ke Rakhna,"romance, drama",1998
Down in the Delta,drama,1998
Dr. Dolittle,comedy,1998
Drive,action,1998
Dulhe Raja,comedy,1998
Duplicate,comedy,1998
Edge of Seventeen,comedy,1998
Enemy of the State,action,1998
Fallen,thriller,1998
Fear and Loathing in Las Vegas,comedy,1998
Firestorm,action,1998
Flowers of Shanghai,drama,1998
Get Real,drama,1998
Gharwali Baharwali,comedy,1998
Ghulam,"action, drama",1998
Gunda,"action, comedy",1998
Half Baked,comedy,1998
Halloween H20: 20 Years Later,horror,1998
Happiness,drama,1998
Hard Rain,action,1998
Haunted Mansion,horror,1998
Hazaar Chaurasi Ki Maa,drama,1998
Hero Hindustani,romance,1998
Hideous Kinky,romance,1998
Holy Man,comedy,1998
Home Fries,comedy,1998
Homegrown,comedy,1998
Hope Floats,drama,1998
Hothat Brishti,romance,1998
How Stella Got Her Groove Back,drama,1998
Humdrum,comedy,1998
Humse Badhkar Kaun,"action, comedy",1998
Hush,thriller,1998
I Got the Hook Up,comedy,1998
I Still Know What You Did Last Summer,horror,1998
Jab Pyaar Kisise Hota Hai,drama,1998
Jeans,romance,1998
Judas Kiss,crime,1998
Kabhi Na Kabhi,"action, crime, romance",1998
Kareeb,"romance, drama",1998
Killer Flick,comedy,1998
Knock Off,action,1998
Krippendorf's Tribe,comedy,1998
Kuch Kuch Hota Hai,"drama, romance",1998
Last Night,drama,1998
Les Boys II,comedy,1998
Lethal Weapon 4,action,1998
Living Out Loud,drama,1998
Love and Rage,drama,1998
Lucia,drama,1998
Lulu on the Bridge,drama,1998
Maharaja,drama,1998
Major League: Back to the Minors,comedy,1998
Major Saab,"action, drama, romance",1998
Meet the Deedles,comedy,1998
Mercury Rising,drama,1998
Monument Ave.,crime,1998
My Giant,comedy,1998
My Name Is Joe,drama,1998
New Rose Hotel,thriller,1998
Next Stop Wonderland,comedy,1998
No Looking Back,drama,1998
Nô,drama,1998
October 22,drama,1998
One Tough Cop,action,1998
One True Thing,drama,1998
Out of Sight,crime,1998
Outside Ozona,comedy,1998
Overnight Delivery,comedy,1998
Palmetto,thriller,1998
Pardesi Babu,"action, comedy, drama",1998
Pecker,comedy,1998
Phantoms,horror,1998
Phoenix,crime,1998
Playing by Heart,comedy,1998
Practical Magic,comedy,1998
Primary Colors,drama,1998
Pyaar Kiya To Darna Kya,"comedy, romance",1998
Pyaar To Hona Hi Tha,romance,1998
Rasen,horror,1998
Restaurant,drama,1998
Ride,comedy,1998
Ring,horror,1998
Ringmaster,comedy,1998
Ronin,action,1998
Rounders,drama,1998
Rush Hour,action,1998
Rushmore,comedy,1998
Satya,action,1998
Saving Private Ryan,"drama, war",1998
Savior,drama,1998
Senseless,comedy,1998
Shadrach,drama,1998
Shakespeare in Love,drama,1998
Simon Birch,comedy,1998
Six Days Seven Nights,adventure,1998
Six-String Samurai,action,1998
Slam,drama,1998
Slappy and the Stinkers,comedy,1998
Slums of Beverly Hills,comedy,1998
Small Soldiers,"science fiction, fantasy, action",1998
Smoke Signals,comedy,1998
Snake Eyes,thriller,1998
So Close to Paradise,drama,1998
Sour Grapes,comedy,1998
Spice World,"musical, comedy",1998
Stepmom,drama,1998
Stiff Upper Lips,comedy,1998
Still Crazy,comedy,1998
Strangeland,horror,1998
Tale of the Mummy,horror,1998
Tarzan and the Lost City,adventure,1998
The Adventures of Sebastian Cole,comedy,1998
The Big Hit,action,1998
The Big Lebowski,comedy,1998
The Boys,drama,1998
The Curve,thriller,1998
The Dentist 2,horror,1998
The Faculty,horror,1998
The Gingerbread Man,drama,1998
The Hairy Bird,comedy,1998
The Hairy Bird also known as Strike!,comedy,1998
The Hi-Lo Country,western,1998
The Horse Whisperer,drama,1998
The Impostors,comedy,1998
The Land Girls,drama,1998
The Last Days of Disco,comedy,1998
The Longest Nite,drama,1998
The Mask of Zorro,action,1998
The Mighty,drama,1998
The Naked Man,comedy,1998
The Negotiator,thriller,1998
The Newton Boys,crime,1998
The Object of My Affection,comedy,1998
The Odd Couple II,comedy,1998
The Opposite of Sex,drama,1998
The Players Club,comedy,1998
The Real Howard Spitz,comedy,1998
The Red Violin,drama,1998
The Red Violin (Le Violon rouge),drama,1998
The Replacement Killers,action,1998
The Siege,drama,1998
The Tichborne Claimant,drama,1998
The Waterboy,comedy,1998
The Wedding Singer,comedy,1998
There's Something About Mary,comedy,1998
Tokyo Eyes,"thriller, romance",1998
Tomie,horror,1998
Train to Pakistan,"drama, war",1998
U.S. Marshals,action,1998
Up 'n' Under,comedy,1998
Urban Legend,horror,1998
Vampires,horror,1998
Velvet Goldmine,drama,1998
Very Bad Things,comedy,1998
Vinashak – Destroyer,action,1998
Wajood,drama,1998
Waking Ned,comedy,1998
What Dreams May Come,drama,1998
Why Do Fools Fall in Love,romance,1998
Wild Things,thriller,1998
Woo,comedy,1998
Wrongfully Accused,comedy,1998
Your Friends & Neighbors,drama,1998
Yugpurush,drama,1998
Zero Effect,drama,1998
Zor,"action, crime, drama",1998
200 Cigarettes,"comedy, drama",1999
8mm,thriller,1999
8½ Women,drama,1999
A Slipping-Down Life,romance,1999
A Walk on the Moon,drama,1999
A Wicked Ghost,horror,1999
A Woman Scorned,thriller,1999
Aa Ab Laut Chalen,"romance, drama,",1999
Aarzoo,drama,1999
Agreed Not to Separate,drama,1999
All the Little Animals,adventure,1999
American Beauty,drama,1999
American Pie,comedy,1999
Ammajan,drama,1999
An Ideal Husband,comedy,1999
Analyze This,comedy,1999
Anari No.1,comedy,1999
Anna and the King,drama,1999
Any Given Sunday,"drama, sports",1999
Anywhere but Here,drama,1999
Arjun Pandit,action,1999
Arlington Road,thriller,1999
Ashes to Ashes,action,1999
At First Sight,romance,1999
Atomic Train,action,1999
Audition,horror,1999
Baadshah,"action, comedy",1999
Bade Dilwala,action,1999
Bats,horror,1999
Beautiful People,comedy,1999
Being John Malkovich,comedy,1999
Best Laid Plans,crime,1999
Bhopal Express,drama,1999
Big Daddy,comedy,1999
Biwi No.1,comedy,1999
Black and White,crime,1999
Blue Streak,"comedy, crime",1999
Bowfinger,comedy,1999
Boys Don't Cry,drama,1999
Breakfast of Champions,comedy,1999
Bringing Out the Dead,thriller,1999
Brokedown Palace,drama,1999
But I'm a Cheerleader,comedy,1999
Charisma,drama,1999
Chill Factor,"action, comedy",1999
Chutney Popcorn,"comedy, drama",1999
Cotton Mary,drama,1999
Cradle Will Rock,drama,1999
Crazy in Alabama,drama,1999
Cruel Intentions,drama,1999
Dahek,drama,1999
Deep Blue Sea,horror,1999
Deterrence,thriller,1999
Detroit Rock City,comedy,1999
Deuce Bigalow: Male Gigolo,comedy,1999
Dick,comedy,1999
Dil Kya Kare,drama,1999
Dogma,comedy,1999
Don't Look Back,drama,1999
Double Jeopardy,thriller,1999
Dudley Do-Right,comedy,1999
EDtv,comedy,1999
East Is East,comedy,1999
El Akhar (The Other),drama,1999
El Madina (The City),drama,1999
Election,comedy,1999
End of Days,horror,1999
Eye of the Beholder,thriller,1999
Eyes Wide Shut,drama,1999
Felicia's Journey,drama,1999
Fight Club,thriller,1999
Flawless,drama,1999
For Love of the Game,drama,1999
Forces of Nature,comedy,1999
Friends & Lovers,romance,1999
Full Blast,drama,1999
G:MT - Greenwich Mean Time,drama,1999
Gair,action,1999
Galaxy Quest,"science fiction, comedy",1999
Ghost Dog: The Way of the Samurai,action,1999
"Girl, Interrupted",drama,1999
Go,comedy,1999
Guinevere,drama,1999
"Happy, Texas",comedy,1999
Haseena Maan Jaayegi,comedy,1999
Heaven or Vegas,drama,1999
Heeralal Pannalal,"drama, action, comedy, crime",1999
Held Up,comedy,1999
Hello Brother,comedy,1999
Hote Hote Pyar Ho Gaya,drama,1999
Hum Dil De Chuke Sanam,drama,1999
Hum Tum Pe Marte Hain,"romance, drama",1999
In Dreams,thriller,1999
In Too Deep,crime,1999
Instinct,drama,1999
International Khiladi,"action, crime, drama, romance",1999
Jaanam Samjha Karo,"romance, drama",1999
Jahan Tum Le Chalo,romance,1999
Jakob the Liar,"comedy, drama",1999
Jawbreaker,"comedy,horror",1999
Joe the King,drama,1999
Kaala Samrajya,action,1999
Kahani Kismat Ki,action,1999
Kartoos,action,1999
Kaun,thriller,1999
Khoobsurat,"romance, drama",1999
King of Comedy,comedy,1999
Kiss Toledo Goodbye,comedy,1999
Kiss the Sky,drama,1999
Kohram,action,1999
Komodo,thriller,1999
Lal Baadshah,action,1999
Liberty Heights,drama,1999
Life,comedy,1999
Light It Up,drama,1999
Lost & Found,comedy,1999
Lovers Lane,horror,1999
Lycanthrope,horror,1999
Magnolia,drama,1999
Mann,"romance, drama",1999
Men and Women,comedy,1999
Mickey Blue Eyes,comedy,1999
Miss Julie,drama,1999
Moonlight Whispers,"drama, romance",1999
Mumford,comedy,1999
Muppets from Space,comedy,1999
Music of the Heart,drama,1999
My Favorite Martian,comedy,1999
My Life So Far,comedy,1999
My Neighbors the Yamadas,comedy,1999
"Mystery, Alaska","comedy, sports",1999
Never Been Kissed,comedy,1999
New Waterford Girl,drama,1999
Ninth Street,drama,1999
Not One Less,drama,1999
October Sky,drama,1999
Office Space,comedy,1999
Onegin,drama,1999
Paperback Hero,comedy,1999
Play It to the Bone,"comedy, drama",1999
Pola X,drama,1999
Postmen in the Mountains,drama,1999
Pushing Tin,"comedy, drama",1999
Pyaar Koi Khel Nahin,drama,1999
Pyaar Mein Kabhi Kabhi,romance,1999
Random Hearts,drama,1999
Ratcatcher,drama,1999
Ravenous,horror,1999
Retro Puppet Master,horror,1999
Ring 2,horror,1999
Rites of Passage,drama,1999
Rogue Trader,drama,1999
Sally Marshall Is Not an Alien,drama,1999
Samar,drama,1999
Sanyasi Mera Naam,action,1999
Sautela,action,1999
Seventeen Years,drama,1999
Shera,action,1999
Shikoku,thriller,1999
Shool,"action, crime",1999
Shower,comedy,1999
Silsila Hai Pyar Ka,romance,1999
Sirf Tum,romance,1999
Sleepy Hollow,horror,1999
Snow Falling on Cedars,drama,1999
Sooryavansham,drama,1999
Sorry Baby,comedy,1999
"South Park: Bigger, Longer & Uncut","animation, musical, comedy",1999
Speedway Junky,action,1999
Splendor,comedy,1999
Stigmata,horror,1999
Stir of Echoes,horror,1999
Storm,thriller,1999
Strange Planet,comedy,1999
Superstar,comedy,1999
Sweet and Lowdown,comedy,1999
Taboo,drama,1999
Tea with Mussolini,drama,1999
Teaching Mrs. Tingle,drama,1999
Thakshak,drama,1999
The 13th Warrior,action,1999
The 4th Floor,horror,1999
The Big Kahuna,drama,1999
The Blair Witch Project,horror,1999
The Bone Collector,crime,1999
The Boondock Saints,action,1999
The Cider House Rules,drama,1999
The Corruptor,action,1999
The Craic,comedy,1999
The Debt Collector,thriller,1999
The Deep End of the Ocean,drama,1999
The Divine Ryans,drama,1999
The Five Senses,drama,1999
The Green Mile,drama,1999
The Insider,"drama, biopic",1999
The Iron Giant,"animation, science fiction, drama, family",1999
The Last September,drama,1999
The Mod Squad,action,1999
The Muse,comedy,1999
The Ninth Gate,horror,1999
The Omega Code,action,1999
The Other Sister,drama,1999
The Rage: Carrie 2,horror,1999
The Road Home,romance,1999
The Straight Story,drama,1999
The Talented Mr. Ripley,thriller,1999
The Tricky Master,comedy,1999
The Virgin Suicides,drama,1999
The Waiting Game,comedy,1999
The War Zone,drama,1999
The Wood,comedy,1999
Thicker than Water,drama,1999
Three Kings,"war, comedy",1999
To Walk with Lions,adventure,1999
Tomie: Another Face,horror,1999
Troublesome Night 5,"horror, romance, comedy",1999
Troublesome Night 6,"horror, romance, comedy",1999
Twin Falls Idaho,drama,1999
Universal Soldier: The Return,action,1999
Vaastav: The Reality,"crime, drama",1999
Varsity Blues,"comedy, drama, sports",1999
Virus,"science fiction, horror",1999
Walking Across Egypt,comedy,1999
Wild Wild West,"action, comedy",1999
Yellow Hair,drama,1999
Zulmi,"action, romance",1999
102 Dalmatians,"comedy, family",2000
28 Days,drama,2000
3 Strikes,comedy,2000
A Lingering Face,drama,2000
A Wicked Ghost II: The Fear,horror,2000
Aaghaaz,thriller,2000
Aaj Ka Ravan,drama,2000
All the Pretty Horses,western,2000
Almost Famous,"comedy, drama",2000
American Psycho,"comedy, thriller",2000
An Everlasting Piece,comedy,2000
Angst,comedy,2000
Astitva,"drama, social",2000
Autumn in New York,romance,2000
Azad,action,2000
Baaghi,action,2000
Badal,"action, drama",2000
Bait,action,2000
Battle Royale,thriller,2000
Bawandar,drama,2000
Beat,drama,2000
Beautiful,comedy,2000
Beautiful Joe,"comedy, drama",2000
Bedazzled,comedy,2000
Beti No.1,comedy,2000
Better Than Sex,drama,2000
Big Momma's House,comedy,2000
Billa No. 786,action,2000
Billy Elliot,drama,2000
Blacktop,thriller,2000
Bless the Child,thriller,2000
Blood,horror,2000
Boiler Room,drama,2000
Book of Shadows: Blair Witch 2,horror,2000
Borstal Boy,drama,2000
Bounce,drama,2000
Boys and Girls,comedy,2000
Bring It On,comedy,2000
Brother 2,crime,2000
Cast Away,adventure,2000
Cecil B. Demented,comedy,2000
Center Stage,musical,2000
Chal Mere Bhai,comedy,2000
Charlie's Angels,action,2000
Cherry Falls,thriller,2000
Chinese Coffee,drama,2000
Chiru Navvuto,drama,2000
Chitram,romance,2000
Chocolat,romance,2000
Chuck & Buck,comedy,2000
City Loop,comedy,2000
Cord,thriller,2000
Cover Story,"action, drama",2000
Coyote Ugly,comedy,2000
Crackie,drama,2000
Dead or Alive 2: Birds,crime,2000
"Death, Deceit and Destiny Aboard the Orient Express",thriller,2000
Deewane,"action, romance",2000
Demobbed,comedy,2000
Dhaai Akshar Prem Ke,"romance, drama",2000
Digimon: The Movie,"animation, adventure",2000
Dil Hi Dil Mein,romance,2000
Dil Pe Mat Le Yaar,drama,2000
"Dish, TheThe Dish",drama,2000
Down to You,comedy,2000
Dracula 2000,horror,2000
Drowning Mona,comedy,2000
"Dude, Where's My Car?",comedy,2000
Duets,"drama, musical",2000
Dulhan Hum Le Jayenge,"comedy, romance",2000
Finding Forrester,drama,2000
Fist Power,action,2000
Fiza,"drama, family, thriller",2000
Gaja Gamini,drama,2000
Gang,crime,2000
Get Carter,action,2000
Ginger Snaps,horror,2000
Girlfight,drama,2000
Godzilla vs. Megaguirus,"science fiction, action",2000
Gojoe,action,2000
Goppinti Alludu,drama,2000
Gossip,drama,2000
Greenfingers,comedy,2000
Gun Shy,action,2000
Hamara Dil Aapke Paas Hai,drama,2000
Hands Up,comedy,2000
Hanging Up,comedy,2000
Har Dil Jo Pyar Karega,"comedy, drama, romance",2000
Here on Earth,drama,2000
Hey Ram,drama,2000
High Fidelity,comedy,2000
Hollow Man,"science fiction, horror",2000
Honest,crime,2000
House for the Rich,drama,2000
House!,comedy,2000
How to Kill Your Neighbor's Dog,comedy,2000
Hum To Mohabbat Karega,"action, romance",2000
Icebreaker,action,2000
Jallad No. 1,drama,2000
Jayam Manade Raa,drama,2000
Jis Desh Mein Ganga Rehta Hain,drama,2000
Joe Gould's Secret,drama,2000
Ju-on,horror,2000
Ju-on 2,horror,2000
Jungle,romance,2000
Kahin Pyaar Na Ho Jaaye,"comedy, romance",2000
Kaho Naa... Pyaar Hai,"romance, drama, musical",2000
Kalisundam Raa,drama,2000
Karobaar: The Business of Love,drama,2000
Keeping the Faith,comedy,2000
Kevin & Perry Go Large,comedy,2000
Khauff,drama,2000
Khiladi 420,"action, romance",2000
Kiss Kiss (Bang Bang),comedy,2000
Kodanda Ramudu,drama,2000
Krodh,action,2000
Kshemamga Velli Labhamga Randi,comedy,2000
Kunwara,comedy,2000
Kurukshetra,"action, romance",2000
Kya Kehna,"romance, drama",2000
Liam,drama,2000
Little Nicky,comedy,2000
Looking for Alibrandi,drama,2000
Loser,comedy,2000
Lost Souls,horror,2000
Love & Basketball,drama,2000
Lucky Numbers,crime,2000
Maelström,drama,2000
Manoharam,drama,2000
"Me, Myself & Irene",comedy,2000
Meet the Parents,comedy,2000
Mehndi Waley Hath,"romance, drama",2000
Memento,thriller,2000
Mercy Streets,action,2000
Miss Congeniality,comedy,2000
Mission Kashmir,"drama, war, thriller",2000
Mission: Impossible 2,action,2000
Mohabbatein,"drama, romance, musical, family",2000
Moodu Mukkalata,comedy,2000
My 5 Wives,comedy,2000
My Mother Frank,comedy,2000
Nagai Yume,horror,2000
Next Friday,comedy,2000
Nora,drama,2000
Nothin' 2 Lose,comedy,2000
Nurse Betty,comedy,2000
Nutty Professor II: The Klumps,comedy,2000
Nuvve Kavali,romance,2000
Nuvvu Vastavani,romance,2000
"O Brother, Where Art Thou?",comedy,2000
One of the Hollywood Ten,drama,2000
Our Song,drama,2000
Paranoid,drama,2000
Passion of Mind,drama,2000
Pay It Forward,drama,2000
Peculiarities of the National Hunt in Winter Season,comedy,2000
Phir Bhi Dil Hai Hindustani,"comedy, drama, romance, musical",2000
Picking Up the Pieces,comedy,2000
Platform,drama,2000
Poor White Trash,comedy,2000
Price of Glory,drama,2000
Proof of Life,drama,2000
Psycho Beach Party,comedy,2000
Quills,"drama, biography",2000
Raju Chacha,comedy,2000
Ready to Rumble,comedy,2000
Relative Values,comedy,2000
Remember the Titans,drama,2000
Requiem for a Dream,drama,2000
Return to Me,romance,2000
Ring 0: Birthday,horror,2000
Road Trip,comedy,2000
Romeo Must Die,action,2000
Sakutumba Saparivara Sametam,drama,2000
Sanam Tere Hain Hum,romance,2000
Scary Movie,comedy,2000
Scream 3,horror,2000
Screwed,comedy,2000
Seventeen Again,comedy,2000
Shadow of the Vampire,drama,2000
Shanghai Noon,comedy,2000
Shriek If You Know What I Did Last Friday the Thirteenth,comedy,2000
Sigh,drama,2000
Small Time Crooks,comedy,2000
Snatch,crime,2000
Snow Day,comedy,2000
Songcatcher,drama,2000
Space Cowboys,drama,2000
Suspicious River,drama,2000
Tarkieb,"suspense, thriller",2000
Tera Jadoo Chal Gayaa,romance,2000
Terror Tract,"comedy, horror",2000
The Adventures of Rocky and Bullwinkle,comedy,2000
The Art of War,action,2000
The Beach,adventure,2000
The Big Tease,comedy,2000
The Broken Hearts Club: A Romantic Comedy,comedy,2000
The Contender,drama,2000
The Crew,comedy,2000
The Family Man,drama,2000
The Flintstones in Viva Rock Vegas,comedy,2000
The Gift,thriller,2000
The Girl,romance,2000
The Golden Bowl,drama,2000
The In Crowd,thriller,2000
The Ladies Man,comedy,2000
The Last Producer,drama,2000
The Legend of Bagger Vance,drama,2000
The Little Vampire,comedy,2000
The Man Who Cried,drama,2000
The Million Dollar Hotel,drama,2000
The Next Best Thing,comedy,2000
The Perfect Storm,adventure,2000
The Replacements,comedy,2000
The Skulls,thriller,2000
The Smokers,drama,2000
The Specials,comedy,2000
The Tao of Steve,comedy,2000
The Watcher,thriller,2000
The Wedding,comedy,2000
The Whole Nine Yards,"comedy, crime",2000
The Widow of Saint-Pierre,"historical drama, romance",2000
Things You Can Tell Just by Looking at Her,romance,2000
Thirteen Days,drama,2000
Time and Tide,action,2000
Timecode,drama,2000
Tomie: Replay,horror,2000
Tripfall,thriller,2000
Troublesome Night 7,"horror, romance, comedy",2000
Troublesome Night 8,"horror, romance, comedy",2000
U-571,action,2000
Unbreakable,thriller,2000
Up at the Villa,drama,2000
Urban Legends: Final Cut,horror,2000
Uzumaki,horror,2000
Vamsi,action,2000
Vamsoddarakudu,action,2000
Versus,"action, horror",2000
Vertical Limit,thriller,2000
Violent Cop,action,2000
Waking the Dead,drama,2000
What Lies Beneath,thriller,2000
What Planet Are You From?,"comedy, sci-fi",2000
What Women Want,comedy,2000
Whatever It Takes,comedy,2000
Where the Money Is,"comedy, crime",2000
Whipped,comedy,2000
"Wog Boy, TheThe Wog Boy",comedy,2000
Woman on Top,comedy,2000
Wonder Boys,"comedy, drama",2000
X-Men,"action, sci-fi",2000
You Can Count on Me,drama,2000
Yuvakudu,romance,2000
15 Minutes,"action, crime",2001
3000 Miles to Graceland,"action, crime",2001
A Beautiful Mind,"biography, drama",2001
A Knight's Tale,comedy,2001
Abhay,thriller,2001
Adhipathi,action,2001
Ajnabee,"thriller, suspense, crime",2001
Akasa Veedhilo,drama,2001
Albela,romance,2001
Ali,"drama, biography",2001
All About Lily Chou-Chou,drama,2001
All Over the Guy,comedy,2001
Along Came a Spider,"crime, thriller",2001
America's Sweethearts,comedy,2001
American Outlaws,western,2001
American Pie 2,comedy,2001
Ammaye Navvithe,drama,2001
Amy's Orgasm,comedy,2001
An American Rhapsody,drama,2001
Anandam,romance,2001
Angel Eyes,romance,2001
Another Life,drama,2001
Bartleby,"comedy, drama",2001
Bava Nachadu,romance,2001
Beijing Bicycle,drama,2001
Bhalevadivi Basu,romance,2001
Big Bad Love,drama,2001
Big Shot's Funeral,comedy,2001
Black Knight,comedy,2001
Blow,"biography, drama",2001
Blow Dry,comedy,2001
Bones,horror,2001
Bridget Jones's Diary,comedy,2001
Bubble Boy,comedy,2001
Buffalo Soldiers,"war, comedy",2001
Captain Corelli's Mandolin,romance,2001
Cats & Dogs,comedy,2001
Chori Chori Chupke Chupke,"drama, romance, musical, social",2001
Come Look at Me,comedy,2001
Corky Romano,comedy,2001
Cradle of Fear,horror,2001
Crazy/Beautiful,romance,2001
Crocodile Dundee in Los Angeles,adventure,2001
Cruel Intentions 2,"comedy, drama",2001
Daman: A Victim of Marital Violence,drama,2001
Deewaanapan,"drama, romance",2001
Delivering Milo,comedy,2001
Den,thriller,2001
Dil Chahta Hai,"drama, comedy, romance, musical",2001
Dil Ne Phir Yaad Kiya,romance,2001
Domestic Disturbance,thriller,2001
Don't Say a Word,thriller,2001
Double Take,comedy,2001
Dr. Dolittle 2,comedy,2001
Driven,action,2001
Earth vs. the Spider,horror,2001
Eduruleni Manishi,action,2001
Ehsaas: The Feeling,drama,2001
Elvira's Haunted Hills,horror,2001
Escape from Hell,horror,2001
Exit Wounds,action,2001
Festival in Cannes,comedy,2001
Finder's Fee,thriller,2001
Formula 51,action,2001
Frailty,horror,2001
Freddy Got Fingered,comedy,2001
Gadar: Ek Prem Katha,"drama, war, romance, action",2001
Get Over It,musical,2001
Ghost World,drama,2001
Girl from Rio,romance,2001
Glitter,musical,2001
Good Neighbor,thriller,2001
Gosford Park,"mystery, comedy",2001
Hannibal,thriller,2001
Hanuman Junction,drama,2001
Happiness of the Katakuris !The Happiness of the Katakuris,"horror, musical",2001
Hardball,drama,2001
Harvard Man,drama,2001
He Died with a Felafel in His Hand,comedy,2001
Hearts in Atlantis,drama,2001
How High,comedy,2001
Hum Ho Gaye Aapke,romance,2001
Human Nature,comedy,2001
I Am Sam,drama,2001
Ichi the Killer,"crime, horror",2001
Indian,action,2001
Itlu Sravani Subramanyam,romance,2001
Jay and Silent Bob Strike Back,comedy,2001
Jeepers Creepers,horror,2001
Jodi No.1,comedy,2001
Joe Dirt,comedy,2001
Joe Somebody,comedy,2001
Joy Ride,horror,2001
July Rhapsody,drama,2001
K-PAX,drama,2001
Kabhi Khushi Kabhie Gham...,"drama, romance, family",2001
Kasoor,thriller,2001
Kate & Leopold,comedy,2001
Kevin of the North,comedy,2001
Kingdom Come,comedy,2001
Kiss of the Dragon,action,2001
Knockaround Guys,comedy,2001
Kuch Khatti Kuch Meethi,"comedy, drama",2001
Kyo Kii Main Jhuth Nahin Bolta,"comedy, romance",2001
L.I.E.,drama,2001
Lagaan: Once Upon a Time in India,"drama, musical, social",2001
Lantana,drama,2001
Lara Croft: Tomb Raider,action,2001
Last Orders,drama,2001
Late Night Shopping,drama,2001
Legally Blonde,comedy,2001
Let's Get Skase,comedy,2001
Life as a House,drama,2001
Lloyd,comedy,2001
Lost and Delirious,drama,2001
Love Ke Liye Kuchh Bhi Karega,comedy,2001
Lovely & Amazing,comedy,2001
Manasantha Nuvve,romance,2001
Max Keeble's Big Move,comedy,2001
Me Without You,drama,2001
Mechanical Suite,"comedy, drama",2001
Millennium Actress,"drama, anime",2001
Mockingbird Don't Sing,drama,2001
Moksha: Salvation,drama,2001
Monsoon Wedding,comedy,2001
Monster's Ball,drama,2001
Moulin Rouge!,musical,2001
Mrugaraju,action,2001
Mujhe Kucch Kehna Hai,comedy,2001
Murari,romance,2001
My First Mister,drama,2001
Narasimha Naidu,drama,2001
Nayak: The Real Hero,drama,2001
Novocaine,comedy,2001
Nuvvu Naaku Nachav,comedy,2001
Nuvvu Nenu,romance,2001
O,drama,2001
Ocean's Eleven,crime,2001
On the Line,comedy,2001
One Night at McCool's,comedy,2001
Original Sin,thriller,2001
Out Cold,comedy,2001
Paravasam,romance,2001
Parsley Days,drama,2001
Perfume,drama,2001
Poisons or the World History of Poisoning,comedy,2001
Pootie Tang,comedy,2001
Prematho Raa,romance,2001
Preminchu,drama,2001
Prison on Fire - Life Sentence,crime,2001
Priyamaina Neeku,romance,2001
Pyaar Tune Kya Kiya,"drama, romance, thriller",2001
Rare Birds,"comedy, drama",2001
Rat Race,comedy,2001
Rehnaa Hai Terre Dil Mein,romance,2001
Remembrance,"romance, drama",2001
Riding in Cars with Boys,comedy,2001
Rock Star,drama,2001
Rush Hour 2,comedy,2001
Save the Last Dance,romance,2001
Saving Silverman,comedy,2001
Say It Isn't So,comedy,2001
Seafood,drama,2001
See Spot Run,comedy,2001
Serendipity,romance,2001
Session 9,thriller,2001
Shallow Hal,comedy,2001
Shaolin Soccer,"comedy, martial arts",2001
"Sisters, Yekaterina Gorina, Roman Ageyevas Albert ""Alik"" Murtazaev",crime,2001
Snehamante Idera,drama,2001
Someone Like You,comedy,2001
Soul Survivors,thriller,2001
Southlander,drama,2001
Spy Game,drama,2001
Storytelling,drama,2001
Student No.1,drama,2001
Style,romance,2001
Subbu,action,2001
Suddenly Naked,drama,2001
Sugar & Spice,comedy,2001
Summer Catch,comedy,2001
Super Troopers,comedy,2001
Tape,drama,2001
Tera Mera Saath Rahen,drama,2001
The Affair of the Necklace,drama,2001
The Amati Girls,drama,2001
The American Astronaut,musical,2001
The Animal,comedy,2001
The Anniversary Party,"comedy, drama",2001
The Believer,drama,2001
The Brothers,comedy,2001
The Bunker,drama,2001
The Business of Strangers,thriller,2001
The Cat's Meow,drama,2001
The Center of the World,drama,2001
The Curse of the Jade Scorpion,comedy,2001
The Deep End,drama,2001
The Fast and the Furious,action,2001
The Fluffer,comedy,2001
The Forsaken,horror,2001
The Fourth Angel,thriller,2001
The Glass House,thriller,2001
The Grey Zone,drama,2001
The Last Castle,drama,2001
The Luzhin Defence,drama,2001
The Majestic,drama,2001
The Man Who Sued God,comedy,2001
The Mexican,comedy,2001
The Mummy Returns,adventure,2001
The Musketeer,adventure,2001
The One,action,2001
The Princess Diaries,comedy,2001
The Royal Tenenbaums,comedy,2001
The Safety of Objects,drama,2001
The Shipping News,drama,2001
The Shrink Is In,comedy,2001
The Tailor of Panama,drama,2001
The Treatment,drama,2001
The Wash,comedy,2001
The Wedding Planner,comedy,2001
Thirteen Conversations About One Thing,drama,2001
Thirteen Ghosts,horror,2001
Tholi Valapu,romance,2001
Tomcats,comedy,2001
Tomie: Re-birth,horror,2001
Tortilla Soup,comedy,2001
Town & Country,comedy,2001
Troublesome Night 10,"romance, comedy, horror",2001
Troublesome Night 11,"romance, comedy, horror",2001
Troublesome Night 12,"romance, comedy, horror",2001
Troublesome Night 9,"romance, comedy, horror",2001
Tum Bin - Love Will Find a Way,romance,2001
Two Can Play That Game,comedy,2001
Valentine,horror,2001
Vanilla Sky,thriller,2001
Wedding Night (Nuit de noces),"comedy, drama",2001
Wet Hot American Summer,comedy,2001
What's the Worst That Could Happen?,comedy,2001
When Strangers Appear,drama,2001
Wolf Girl,horror,2001
Yaadein,"romance, drama",2001
Yolngu Boy,drama,2001
Zoolander,comedy,2001
13 Moons,"comedy, drama",2002
25th Hour,drama,2002
28 Days Later,horror,2002
40 Days and 40 Nights,comedy,2002
8 Mile,"drama, musical",2002
A Walk to Remember,romance,2002
Aamar Bhuban,romance,2002
Aap Mujhe Achche Lagne Lage,"romance, drama",2002
Abandon,"drama, thriller",2002
About Schmidt,"comedy, drama",2002
About a Boy,"comedy, drama",2002
Adaptation.,"comedy, drama",2002
Akhiyon Se Goli Maare,comedy,2002
Ali G Indahouse,comedy,2002
All About the Benjamins,"action, comedy",2002
Allari,comedy,2002
Analyze That,comedy,2002
Annarth,"action, thriller",2002
Antikiller,crime,2002
Antwone Fisher,"biography, drama",2002
Ararat,drama,2002
Austin Powers in Goldmember,comedy,2002
Australian Rules,drama,2002
Avenging Angelo Baby Beethoven Baby Newton,"comedy, crime",2002
Avunu Valliddaru Ista Paddaru,romance,2002
Awara Paagal Deewana,"action, comedy",2002
Azazel,crime,2002
Bad Company,"action, comedy",2002
Badhaai Ho Badhaai,"comedy, drama",2002
Ballistic: Ecks vs. Sever,action,2002
Bangali Babu,romance,2002
Barbershop,comedy,2002
Below,"war, horror",2002
Between Strangers,drama,2002
Big Fat Liar,"comedy, family",2002
Birthday Girl,crime,2002
Blade II,"action, horror",2002
Blue Crush,romance,2002
Bollywood/Hollywood,"romantic comedy, drama",2002
Book of Love,romance,2002
Brigada,crime,2002
Brown Sugar,romance,2002
Bubba Ho-tep,"comedy, horror",2002
Buying the Cow,comedy,2002
Cabin Fever,horror,2002
Catch Me If You Can,"comedy, drama",2002
Chance,comedy,2002
Changing Lanes,thriller,2002
Chat Room,comedy,2002
Chelsea Walls,drama,2002
Chennakeshava Reddy,action,2002
Chinese Odyssey 2002,comedy,2002
City of Ghosts,drama,2002
Civil Brand,action,2002
Collateral Damage,action,2002
Crazy as Hell,horror,2002
Cube 2: Hypercube,"sci-fi, horror",2002
Darkness,horror,2002
Death to Smoochy,comedy,2002
Deathwatch,horror,2002
Deewangee,thriller,2002
Demon Island,horror,2002
Deuces Wild,action,2002
"Devil Face, Angel Heart",thriller,2002
Dil Hai Tumhaara,"family, romance, drama",2002
Dil Vil Pyar Vyar,"romance, drama",2002
Dirty Pretty Things,drama,2002
Doctor Sleep,drama,2002
Dog Soldiers,horror,2002
Doing Time,drama,2002
Dragonfly,drama,2002
Drumline,"drama, musical",2002
Duct Tape Forever also known as Red Green's Duct Tape Forever,comedy,2002
Enough,thriller,2002
Evelyn,drama,2002
Far from Heaven,drama,2002
Fat Choi Spirit,comedy,2002
FeardotCom,"crime, horror",2002
Flower & Garnet,drama,2002
Frida,"biography, drama",2002
Friday After Next,comedy,2002
Ghost Ship,horror,2002
Global Heresy,comedy,2002
Gunaah,"thriller, romance",2002
Half Past Dead,action,2002
Halloween: Resurrection,horror,2002
Hathyar,drama,2002
Heart of America,drama,2002
High Crimes,thriller,2002
Highway,drama,2002
Hollywood Ending,comedy,2002
Home Room,drama,2002
Hum Kisise Kum Nahin,"action, comedy",2002
Hum Tumhare Hain Sanam,"drama, romance",2002
Humraaz,"thriller, romance, musical",2002
Hysterical Blindness,drama,2002
I Love You,drama,2002
I Spy,action,2002
Igby Goes Down,"comedy, drama",2002
In Motion,drama,2002
In This World,drama,2002
Infernal Affairs,crime,2002
Insomnia,thriller,2002
Interstate 60,"comedy, drama",2002
Jason X,horror,2002
Jeena Sirf Merre Liye,romance,2002
Juwanna Mann,comedy,2002
K-9: P.I.,comedy,2002
Kaante,"action, thriller",2002
Khadgam,action,2002
Killing Me Softly,"drama, mystery, romance",2002
Kiss the Bride,romance,2002
Kuch Tum Kaho Kuch Hum Kahein,romance,2002
Kung Pow! Enter the Fist,comedy,2002
Kyaa Dil Ne Kahaa,romance,2002
Lahiri Lahiri Lahirilo,drama,2002
Laurel Canyon,drama,2002
Leaving Metropolis,drama,2002
Les Boys III,comedy,2002
Life Show,drama,2002
Life or Something Like It,comedy,2002
Like Mike,comedy,2002
Long Time Dead,horror,2002
Maa Tujhhe Salaam,drama,2002
Maid in Manhattan,romance,2002
Maine Dil Tujhko Diya,"action, romance",2002
Manmadhudu,romance,2002
Marion Bridge,drama,2002
Matir Moina,"drama, history",2002
Matir Moina (The Clay Bird),drama,2002
Men in Black II,"comedy, science fiction",2002
Men with Brooms,comedy,2002
Mere Yaar Ki Shaadi Hai,romance,2002
"Mitr, My Friend",drama,2002
Moonlight Mile,romance,2002
Mr. Deeds,comedy,2002
Mujhse Dosti Karoge!,"romance, drama, comedy, musical",2002
My Big Fat Greek Wedding,comedy,2002
My Little Eye,horror,2002
My Wrongs #8245–8249 & 117,comedy,2002
Na Tum Jaano Na Hum,"romance, drama",2002
National Lampoon's Van Wilder,comedy,2002
Nee Sneham,romance,2002
New Best Friend,thriller,2002
Nicholas Nickleby,drama,2002
Night at the Golden Eagle,drama,2002
Nuvve Nuvve,romance,2002
On Line,drama,2002
One Hour Photo,thriller,2002
Orange County,comedy,2002
Panic Room,thriller,2002
Path to War,"drama, biography",2002
Personal Velocity: Three Portraits,drama,2002
Pilisthe Palukutha,romance,2002
Poolhall Junkies,thriller,2002
Prem Shakti,romance,2002
Premaku Swagatam,romance,2002
Pumpkin,comedy,2002
Punch-Drunk Love,"comedy, drama",2002
Queen of the Damned,horror,2002
R.S.V.P.,comedy,2002
Rabbit-Proof Fence,drama,2002
Real Women Have Curves,comedy,2002
Reign of Fire,adventure,2002
Ripley's Game,thriller,2002
Roger Dodger,comedy,2002
Saathiya,"drama, romance, social, musical",2002
Sandade Sandadi,comedy,2002
Sathi,romance,2002
Secretary,drama,2002
Seema Simham,action,2002
Serving Sara,romance,2002
Seshu,action,2002
Siva Rama Raju,action,2002
Sky Lovers,romance,2002
Slackers,comedy,2002
So Close,action,2002
Sontham,romance,2002
Sorority Boys,comedy,2002
Spun,comedy,2002
Spy Kids 2: The Island of Lost Dreams,action,2002
Sreeram,romance,2002
Steal,action,2002
Stealing Harvard,comedy,2002
Suicide Club,horror,2002
Sunshine State,drama,2002
Sur: The Melody of Life,musical,2002
Swapner Feriwala,romance,2002
Sweet Home Alabama,comedy,2002
Swept Away,adventure,2002
Swimfan,thriller,2002
Séraphin: Heart of Stone,drama,2002
Tadpole,comedy,2002
Takkari Donga,action,2002
The Adventures of Pluto Nash,"comedy, science fiction",2002
The Banger Sisters,comedy,2002
The Bay of Love and Sorrows,drama,2002
The Bourne Identity,"action, thriller",2002
The Burial Society,thriller,2002
The Crocodile Hunter: Collision Course,adventure,2002
The Dangerous Lives of Altar Boys,"comedy, drama",2002
The Emperor's Club,drama,2002
The First $20 Million Is Always the Hardest,comedy,2002
The Four Feathers,"drama, war",2002
The Good Girl,romance,2002
The Hot Chick,comedy,2002
The Hours,drama,2002
The Legend of Bhagat Singh,"historical, drama",2002
The Lord of the Rings: The Two Towers,"adventure, fantasy",2002
The Magdalene Sisters,drama,2002
The Master of Disguise,comedy,2002
The Mothman Prophecies,drama,2002
The New Guy,comedy,2002
The Pianist,drama,2002
The Ring,horror,2002
The Rules of Attraction,comedy,2002
The Santa Clause 2,comedy,2002
The Scorpion King,action,2002
The Secret Lives of Dentists,drama,2002
The Singles Ward,comedy,2002
The Sum of All Fears,thriller,2002
The Sweetest Thing,comedy,2002
The Transporter,action,2002
The Truth About Charlie,thriller,2002
The Tuxedo,"action, comedy",2002
The Wild Dogs,drama,2002
They,horror,2002
Thotti Gang,romance,2002
Together,drama,2002
Troublesome Night 13,"horror, romance, comedy",2002
Troublesome Night 14,"horror, romance, comedy",2002
Troublesome Night 15,"horror, romance, comedy",2002
Troublesome Night 16,"horror, romance, comedy",2002
Troublesome Night 17,"horror, romance, comedy",2002
Tumko Na Bhool Paayenge,drama,2002
Two Weeks Notice,comedy,2002
Undercover Brother,action,2002
Undisputed,drama,2002
Unfaithful,thriller,2002
Unknown Pleasures,drama,2002
Vasu,romance,2002
Waking Up in Reno,comedy,2002
Welcome to Collinwood,"crime, comedy",2002
White Oleander,drama,2002
Yeh Hai Jalwa,comedy,2002
Yeh Kya Ho Raha Hai?,"comedy, romance",2002
Yellowknife,drama,2002
Zig Zag,drama,2002
xXx,action,2002
16 Years of Alcohol,drama,2003
2 Fast 2 Furious,"action, crime",2003
3 Deewarein,drama,2003
44 Minutes: The North Hollywood Shoot-Out,action,2003
88 Antop Hill,thriller,2003
A Man Apart,crime,2003
Aadanthe Ado Type,comedy,2003
Abby Singer,"comedy, drama",2003
Agent Cody Banks,"action, family",2003
Aithe,thriller,2003
Alexandra's Project,thriller,2003
Alien Hunter,"action, sci-fi",2003
All the Real Girls,"drama, romance",2003
American Wedding,comedy,2003
Amma Nanna O Tamila Ammayi,drama,2003
Andaaz,romance,2003
Anger Management,comedy,2003
Anne B. Real,drama,2003
Azumi,"action, samurai film",2003
Baaz: A Bird in Danger,thriller,2003
Bad Eggs,comedy,2003
Bad Santa,"comedy, crime",2003
Baltic Storm,thriller,2003
Basic,thriller,2003
Basti,action,2003
Battlefield Baseball,comedy,2003
Bells of Innocence,horror,2003
Beyond Borders,"romance, war",2003
Bhoot,horror,2003
Biker Boyz,action,2003
Black Cadillac,horror,2003
Blackball,comedy,2003
Blind Horizon,drama,2003
Boat Trip,comedy,2003
Bollywood Queen,musical,2003
Boom,thriller,2003
Bringing Rain,"drama, romance",2003
Bruce Almighty,"comedy, fantasy",2003
Bulletproof Monk,"action, comedy",2003
Café Lumière,drama,2003
Calcutta Mail,drama,2003
Calendar Girls,drama,2003
Camp,"comedy, musical",2003
Casa de los Babys,drama,2003
Cell Phone,comedy,2003
Chasing Papi,comedy,2003
Christmas Child,drama,2003
Chura Liyaa Hai Tumne,"action, drama, romance, thriller",2003
Cold Creek Manor,"drama, thriller",2003
Cold Mountain,"romance, war",2003
Confidence,crime,2003
Cosmopolitan,"comedy-drama, romance",2003
Cradle 2 the Grave,action,2003
Crime Spree,"comedy, crime",2003
Daddy Day Care,"comedy, family",2003
Danny Deckchair,comedy,2003
Darkness Falls,horror,2003
Darna Mana Hai,"horror, thriller",2003
Devil's Pond,drama,2003
Dickie Roberts: Former Child Star,comedy,2003
Dil Ka Rishta,"drama, romance",2003
Dil Pardesi Ho Gayaa,romance,2003
Doppelganger,thriller,2003
Dreamcatcher,"horror, science fiction",2003
Drifters,drama,2003
Dum,"action, drama, romance",2003
Dumb and Dumberer: When Harry Met Lloyd,comedy,2003
Duplex,comedy,2003
Ela Cheppanu,romance,2003
Elephant,"crime, drama",2003
Elf,"comedy, family",2003
Emile,drama,2003
Evil Alien Conquerors,"science fiction, comedy",2003
Falling Angels,drama,2003
Father and Son,drama,2003
Final Destination 2,horror,2003
Flywheel,drama,2003
Freddy vs. Jason,horror,2003
From Justin to Kelly,"comedy, musical",2003
Gang of Roses,"drama, western",2003
Gangaajal,"drama, social",2003
Gangotri,romance,2003
Gaz Bar Blues,"comedy, drama",2003
Gigli,"crime, comedy",2003
Girl with a Pearl Earring,drama,2003
Gods and Generals,"drama, war",2003
Good Boy!,comedy,2003
Gothika,horror,2003
Gozu,horror,2003
Grind,"comedy, sports",2003
Haasil,drama,2003
Hawa,horror,2003
Head of State,comedy,2003
Hey DJ,comedy,2003
Holes,"comedy, family",2003
Honey,"musical, romance",2003
House of 1000 Corpses,"comedy, horror",2003
House of Sand and Fog,drama,2003
House of the Dead,horror,2003
Hulk,"superhero, action",2003
Hungama,comedy,2003
I Am David,drama,2003
Identity,horror,2003
Imperium: Augustus,drama,2003
Indigo,drama,2003
Infernal Affairs II,crime,2003
Infernal Affairs III,crime,2003
Inteha,"drama, thriller",2003
Ishq Vishk,romance,2003
It Runs in the Family,drama,2003
Jade Goddess of Mercy,drama,2003
Janasheen,thriller,2003
Jeepers Creepers II,horror,2003
Jhankaar Beats,"drama, musical",2003
Jism,"drama, romance, thriller",2003
Ju-on: The Grudge,horror,2003
Ju-on: The Grudge 2,horror,2003
Julie Walking Home,drama,2003
Kal Ho Naa Ho,"drama, romance, comedy, family, musical, social",2003
Kash Aap Hamare Hote,romance,2003
Khushi,romance,2003
Khwahish,drama,2003
Kill Bill Volume 1,action,2003
Koi... Mil Gaya,"romance, fantasy, musical",2003
Kucch To Hai,thriller,2003
Kuch Naa Kaho,"drama, romance, musical",2003
LOC Kargil,"war, drama, historical",2003
Lara Croft Tomb Raider: The Cradle of Life,"action, fantasy",2003
Le Divorce,"drama, romance",2003
"Legally Blonde 2: Red, White & Blonde",comedy,2003
Love Actually,romance,2003
Main Madhuri Dixit Banna Chahti Hoon,comedy,2003
Main Prem Ki Diwani Hoon,"romance, drama, comedy",2003
Mambo Italiano,"comedy, drama",2003
Marci X,comedy,2003
Master and Commander: The Far Side of the World,"drama, war",2003
Matrubhoomi: A Nation Without Women,drama,2003
May,horror,2003
Mona Lisa Smile,"drama, romance",2003
Munna Bhai M.B.B.S.,"comedy, social, musical",2003
My Father and I,drama,2003
My Life Without Me,drama,2003
Nee Manasu Naaku Telusu,romance,2003
Neeku Nenu Naaku Nuvvu,romance,2003
Nijam,drama,2003
Ninne Istapaddanu,romance,2003
Old School,comedy,2003
Once Upon a Time in Mexico,action,2003
Open Water,"drama, thriller",2003
Out of Control,"comedy, romance",2003
Owning Mahowny,drama,2003
Palnati Brahmanayudu,action,2003
Party Monster,"biography, crime",2003
Paycheck,"action, sci-fi",2003
Phone Booth,thriller,2003
Pinjar,"drama, social",2003
Praanam,romance,2003
Pran Jaye Par Shaan Na Jaye,comedy,2003
Puppet Master: The Legacy,horror,2003
Purple Butterfly,drama,2003
Qayamat: City Under Threat,thriller,2003
Raghavendra,action,2003
Roads to Koktebel,drama,2003
S.W.A.T.,"action, crime",2003
Saaya,drama,2003
Samay: When Time Strikes,thriller,2003
Sambaram,romance,2003
Satta,"drama, social",2003
Scary Movie 3,"comedy, parody",2003
School of Rock,"comedy, family",2003
Seabiscuit,"drama, biography",2003
Seducing Doctor Lewis (La Grande séduction),comedy,2003
Shanghai Knights,"action, comedy",2003
Shattered Glass,"drama, biography",2003
Shivamani,action,2003
Simhadri,action,2003
Spy Kids 3-D: Game Over,"adventure, family",2003
Stuck on You,comedy,2003
Take Away,comedy,2003
Talaash: The Hunt Begins...,thriller,2003
Tere Naam,"drama, romance",2003
Terminator 3: Rise of the Machines,"action, sci-fi",2003
Testosterone,action,2003
The Barbarian Invasions (Les Invasions barbares),"comedy, drama",2003
The Brown Bunny,drama,2003
The Company,"drama, musical",2003
The Cooler,"drama, romance",2003
The Core,"action, sci-fi",2003
The Delicate Art of Parking,"comedy, drama",2003
The Fighting Temptations,"musical, comedy",2003
The Honourable Wally Norman,comedy,2003
The Human Stain,romance,2003
The Italian Job,"action, crime",2003
The Last Horror Movie,horror,2003
The Last Samurai,"action, drama",2003
The Lizzie McGuire Movie,comedy,2003
The Lord of the Rings: The Return of the King,"adventure, fantasy",2003
The Matrix Reloaded,"action, sci-fi",2003
The Mother,drama,2003
The Order,"action, thriller",2003
The Park,horror,2003
The Postcard Bandit,crime,2003
The Recruit,action,2003
The Room,drama,2003
The Saddest Music in the World,"comedy, musical",2003
The Snow Walker,drama,2003
The Statement,drama,2003
The Suit,drama,2003
The Tesseract,drama,2003
The Texas Chainsaw Massacre,horror,2003
The Trouble with Men and Women,drama,2003
The Young Black Stallion,"drama, family",2003
This Girl's Life,drama,2003
Timeline,"action, sci-fi",2003
Troublesome Night 18,"horror, comedy, romance",2003
Troublesome Night 19,"horror, comedy, romance",2003
Tujhe Meri Kasam,romance,2003
"Turn Left, Turn Right",romance,2003
Uniform,drama,2003
Vasantham,drama,2003
Veede,action,2003
Veronica Guerin,"biography, crime",2003
Warm Spring,drama,2003
What a Girl Wants,comedy,2003
Wrong Turn,horror,2003
Xcuse Me,comedy,2003
Zameen,thriller,2003
Zero Day,drama,2003
13 Going on 30,comedy,2004
143 (and I miss You),romance,2004
50 First Dates,comedy,2004
7/G Brindavan Colony,romance,2004
99.9 FM,"comedy, drama",2004
A Brand New You,comedy,2004
A Cinderella Story,comedy,2004
A Dirty Shame,comedy,2004
A Love Song for Bobby Long,drama,2004
A Way of Life,drama,2004
A World Without Thieves,drama,2004
Aa Naluguru,drama,2004
Aan: Men at Work,action,2004
Ab Tumhare Hawale Watan Saathiyo,"war, drama",2004
Ae Fond Kiss...,drama,2004
After the Sunset,crime,2004
Against the Ropes,"drama, sports",2004
Aitraaz,"drama, romance, thriller",2004
Alexander,"action, history",2004
Alfie,comedy,2004
Alien vs. Predator,"horror, sci-fi",2004
Along Came Polly,comedy,2004
Ami Je Ke Tomar,romance,2004
Ammayi Bagundi,romance,2004
Anacondas: The Hunt for the Blood Orchid,horror,2004
Anchorman: The Legend of Ron Burgundy,comedy,2004
Andaru Dongale Dorikite,comedy,2004
Andhrawala,action,2004
Anji,action,2004
Arie,drama,2004
Around the Bend,drama,2004
Around the World in 80 Days,adventure,2004
Asambhav,"mystery, thriller",2004
Athade Oka Sainyam,drama,2004
Bandhan,romance,2004
Barbershop 2: Back in Business,comedy,2004
Be With You,drama,2004
Before Sunset,drama,2004
Being Julia,drama,2004
Birth,drama,2004
Black Cloud,drama,2004
Blade: Trinity,horror,2004
Blind Flight,drama,2004
Breakin' All the Rules,comedy,2004
Breaking News,"crime, action",2004
Brother to Brother,drama,2004
Catch That Kid,"crime, family",2004
Cellular,"crime, thriller",2004
Chameli,drama,2004
Chasing Liberty,comedy,2004
Cheppave Chirugali,romance,2004
Childstar,comedy,2004
Christmas with the Kranks,comedy,2004
Churchill: The Hollywood Years,comedy,2004
Clean,drama,2004
Closer,drama,2004
Club Dread,comedy,2004
Confessions of a Teenage Drama Queen,comedy,2004
Connie and Carla,comedy,2004
Creep,horror,2004
Criminal,comedy,2004
Cube Zero,"sci-fi, horror",2004
D.E.B.S.,comedy,2004
Dark Tales of Japan,horror,2004
Dead & Breakfast,comedy,2004
Dear Frankie,drama,2004
Debipaksha,romance,2004
Decoys,horror,2004
Dev,drama,2004
Dhoom,"thriller, action",2004
Dil Maange More,"romance, comedy",2004
Dil Ne Jise Apna Kahaa,"drama, romance",2004
Dirty Dancing: Havana Nights,romance,2004
Dobara,drama,2004
DodgeBall: A True Underdog Story,comedy,2004
Donga Dongadi,comedy,2004
Drum,thriller,2004
Ek Hasina Thi,"thriller, drama",2004
Electric Shadows,drama,2004
Enduring Love,romance,2004
Envy,comedy,2004
Eternal Sunshine of the Spotless Mind,"drama, science fiction",2004
EuroTrip,comedy,2004
Exorcist: The Beginning,horror,2004
Fida,"drama, romance, thriller",2004
Finding Neverland,"drama, family",2004
First Daughter,comedy,2004
Flavours,drama,2004
Flight of the Phoenix,adventure,2004
Freeze Frame,thriller,2004
Friday Night Lights,"drama, sports",2004
Garfield: The Movie,comedy,2004
Garv: Pride and Honour,drama,2004
Gayab,"fantasy, thriller",2004
Geraldine's Fortune,"comedy, drama",2004
Gharshana,crime,2004
Ginger Snaps 2: Unleashed,horror,2004
Ginger Snaps Back: The Beginning,horror,2004
Girlfriend,"drama, romance",2004
Goddess: How I fell in Love,drama,2004
Godsend,horror,2004
Golpo Holeo Shotti,thriller,2004
Green Card Fever,drama,2004
Green Hat,drama,2004
Hair Show,comedy,2004
Hank Williams First Nation,drama,2004
Harold & Kumar Go to White Castle,comedy,2004
Harvest Time,drama,2004
Hava Aney Dey,drama,2004
Hidalgo,drama,2004
Highwaymen,action,2004
Hotel Rwanda,"drama, war",2004
Hum Tum,"comedy, romance, drama, musical",2004
Hyderabad Blues 2,drama,2004
If Only,drama,2004
Imaginary Heroes,drama,2004
In Good Company,drama,2004
In My Country,drama,2004
Infection,horror,2004
Intern Academy,comedy,2004
Ishq Hai Tumse,drama,2004
Iti Srikanto,romance,2004
Jailbait,drama,2004
Jasmine Women,drama,2004
Jiminy Glick in Lalawood,comedy,2004
Jingzhe,drama,2004
Johnson Family Vacation,comedy,2004
Joke falls,comedy,2004
Kamikaze Girls,comedy,2004
Kaun Hai Jo Sapno Mein Aaya,romance,2004
Kaya Taran,drama,2004
Keane,thriller,2004
Kekexili: Mountain Patrol,drama,2004
Khakee,"action, thriller",2004
Khamosh Pani,drama,2004
King Arthur,adventure,2004
King of Bollywood,comedy,2004
Kinsey,"biography, drama",2004
Knots,comedy,2004
Krishna Cottage,thriller,2004
Kushi Kushiga,drama,2004
Kyun...! Ho Gaya Na,"romance, drama, comedy",2004
Ladder 49,drama,2004
Lakeer - Forbidden Lines,"action, drama, romance",2004
Lakshmi Narasimha,action,2004
Lakshya,"war, drama, action, romance",2004
Lemony Snicket's A Series of Unfortunate Events,"comedy, family",2004
Looking for Alexander (Mémoires affectives),drama,2004
Madhyanam Hathya,thriller,2004
Mahulbonir Sereng,romance,2004
Main Hoon Na,"action, musical, drama, comedy",2004
Malliswari,romance,2004
Manners of Dying,drama,2004
Maqbool,"mystery, drama",2004
Marebito,horror,2004
Maria Full of Grace,drama,2004
Mastan,romance,2004
Masti,comedy,2004
Mean Creek,drama,2004
Mean Girls,comedy,2004
Meet the Fockers,comedy,2004
Meri Biwi Ka Jawab Nahin,"action, comedy, romance",2004
Method,thriller,2004
Mindhunters,thriller,2004
Miracle,"drama, family",2004
Mr. 3000,comedy,2004
Mughal-e-Azam (Colorized Version),drama,2004
Mujhse Shaadi Karogi,"comedy, romance, musical",2004
Murder,"thriller, romance",2004
Muskaan,"romance, drama",2004
My Baby's Daddy,comedy,2004
My Summer of Love,romance,2004
Mysterious Skin,drama,2004
Naa Autograph,drama,2004
Napoleon Dynamite,comedy,2004
National Treasure,adventure,2004
Nenu,romance,2004
Nenunnanu,romance,2004
New Police Story,"crime, action",2004
New York Minute,comedy,2004
Nobody Knows,drama,2004
Noel,drama,2004
Nothing But Life,drama,2004
November,thriller,2004
Ocean's Twelve,"comedy, crime",2004
Our Own,drama,2004
P.S.,romance,2004
Paap,drama,2004
Palindromes,drama,2004
Paparazzi,action,2004
Paribar,romance,2004
Pedababu,action,2004
Phil the Alien,comedy,2004
Phir Milenge,"drama, social",2004
Plan,action,2004
Police Force: An Inside Story,action,2004
Premi,romance,2004
Raincoat,drama,2004
Raise Your Voice,musical,2004
Raising Helen,comedy,2004
Rakht: What If You Can See the Future,horror,2004
Ram Lakshman,romance,2004
Rice Rhapsody,comedy,2004
Riding the Bullet,horror,2004
Rudraksh,thriller,2004
Saint Ralph,drama,2004
Sakhiya,romance,2004
Samba,action,2004
Sankharavam,action,2004
Saved!,"comedy, teen",2004
Scooby-Doo 2: Monsters Unleashed,"comedy, family",2004
Secret Window,thriller,2004
See Grace Fly,drama,2004
Seed of Chucky,horror,2004
Seven Times Lucky,drama,2004
Shaadi Ka Laddoo,comedy,2004
Shall We Dance?,romance,2004
Shanghai Story,drama,2004
Shankar Dada MBBS,comedy,2004
Shart: The Challenge,"action, drama",2004
Show Me,drama,2004
Shukriya: Till Death Do Us Apart,drama,2004
Sideways,comedy,2004
Silver Hawk,action,2004
Six: The Mark Unleashed,action,2004
Sleepover,comedy,2004
Socha Na Tha,"romance, comedy",2004
Soul Plane,comedy,2004
Speak,drama,2004
Stage Beauty,drama,2004
Starsky & Hutch,"crime, comedy",2004
Stateside,drama,2004
Straight-Jacket,comedy,2004
SuperBabies: Baby Geniuses 2,comedy,2004
Surviving Christmas,comedy,2004
Suspect Zero,thriller,2004
Suzie Gold,romance,2004
Swades,"drama, social",2004
Swarabhishekam,drama,2004
Swing Girls,comedy,2004
Taking Lives,horror,2004
The Assassination of Richard Nixon,"biography, crime",2004
The Blue Butterfly,adventure,2004
The Bourne Supremacy,action,2004
The Butterfly Effect,"science fiction, thriller",2004
The Cookout,comedy,2004
The Door in the Floor,drama,2004
The Five of Us (Elles étaient cinq),drama,2004
The Forgotten,thriller,2004
The Grudge,horror,2004
The Ladykillers,comedy,2004
The Land Has Eyes,drama,2004
The Last Shot,comedy,2004
The Life Aquatic with Steve Zissou,comedy,2004
The Notebook,romance,2004
The Passion of the Christ,drama,2004
The Perfect Score,crime,2004
The Phantom of the Opera,musical,2004
The Prince and Me,comedy,2004
The Princess Diaries 2: Royal Engagement,comedy,2004
The Raspberry Reich,comedy,2004
The Recruiter,crime,2004
The Terminal,comedy,2004
The Tuner,drama,2004
The White Dragon,comedy,2004
The Whole Ten Yards,comedy,2004
The Woodsman,drama,2004
The Work and the Glory,drama,2004
Thoda Tum Badlo Thoda Hum,romance,2004
Tony Takitani,drama,2004
Torque,action,2004
Trauma,thriller,2004
Troy,adventure,2004
Twisted,thriller,2004
Two Great Sheep,drama,2004
Tyag,romance,2004
Undertow,thriller,2004
Vaastu Shastra,horror,2004
Van Helsing,horror,2004
Veer-Zaara,"drama, romance, family, musical",2004
Venky,action,2004
Vera Drake,drama,2004
Vijayendra Varma,action,2004
Vital,drama,2004
Waarish,romance,2004
Wake of Death,action,2004
Walking Tall,action,2004
We Don't Live Here Anymore,drama,2004
Welcome to Mooseport,comedy,2004
When Will I Be Loved,drama,2004
Where's the Party Yaar?,comedy,2004
White Chicks,comedy,2004
Wicker Park,drama,2004
Wilby Wonderful,drama,2004
Win a Date with Tad Hamilton!,comedy,2004
Winter Solstice,drama,2004
Without a Paddle,comedy,2004
Yagnam,action,2004
Yasmin,drama,2004
You Got Served,comedy,2004
Yuva,"drama, action",2004
Zebraman,comedy,2004
6'2,thriller,2005
A Film by Aravind,thriller,2005
A Lot Like Love,comedy,2005
ABCD,romance,2005
Aaru,action,2005
Aayudham,action,2005
About Love,romance,2005
Adhu Oru Kana Kaalam,romance,2005
Agnipath,romance,2005
Alaiyadikkuthu,drama,2005
Allari Bullodu,romance,2005
Allari Pidugu,action,2005
American Haunting !An American Haunting,horror,2005
American Soldiers,action,2005
Amudhey,romance,2005
An Unfinished Life,drama,2005
Antarmahal,romance,2005
Anukokunda Oka Roju,thriller,2005
Are We There Yet?,comedy,2005
Arinthum Ariyamalum,action,2005
Asylum,drama,2005
Athadu,action,2005
Athanokkade,action,2005
Aurora Borealis,romance,2005
Auto Shankar,action,2005
Ayya,action,2005
Azumi 2: Death or Love,"action, samurai film",2005
Bad News Bears,comedy,2005
Bazi,romance,2005
Beauty Shop,comedy,2005
Bee Season,drama,2005
Beowulf & Grendel,drama,2005
Bhadra,action,2005
Bigger Than the Sky,comedy,2005
Boogeyman,horror,2005
Brokeback Mountain,"western, romantic drama",2005
Brotherhood !The Brotherhood IV,horror,2005
Bunny,action,2005
Capote,"biography, crime",2005
Casanova,comedy,2005
Chanakya,action,2005
Chandramukhi,horror,2005
Chatrapathi,action,2005
Cheaper by the Dozen 2,comedy,2005
Chemman Chaalai (The Gravel Road),drama,2005
Chidambarathil Oru Appasamy,drama,2005
Chinna,action,2005
Chore Chore Mastuto Bhai,romance,2005
Cinderella Man,"biography, drama",2005
Coach Carter,drama,2005
Constantine,horror,2005
Conversations with Other Women,drama,2005
Cruel World,horror,2005
Cry_Wolf,drama,2005
Cursed,horror,2005
Daas,romance,2005
Daltry Calhoun,comedy,2005
Dark Water,horror,2005
Dead Man's Bluff,"crime, comedy",2005
Deadly Soma,action,2005
Deck Dogz,comedy,2005
Derailed,thriller,2005
Deuce Bigalow: European Gigolo,comedy,2005
Devathayai Kanden,romance,2005
Dirty Love,comedy,2005
Dodging the Clock (Horloge biologique),comedy,2005
Dominion: Prequel to the Exorcist,horror,2005
Don't Come Knocking,drama,2005
Doom,horror,2005
Dream's Ashes,drama,2005
Dreamer,drama,2005
Dreaming of Space,drama,2005
Duck,drama,2005
Duma,adventure,2005
Dust,drama,2005
Dwiragaman,romance,2005
Eighteen,drama,2005
Elektra,action,2005
Elizabethtown,comedy,2005
Englishkaran,comedy,2005
Evadi Gola Vaadidi,comedy,2005
Eve and the Fire Horse,drama,2005
Everything Is Illuminated,drama,2005
February 14,romance,2005
Feed,thriller,2005
Flightplan,thriller,2005
Frankenstein vs. the Creature from Blood Cove,horror,2005
Getting Played,comedy,2005
Goal!,"drama, sports",2005
Grain in Ear,drama,2005
Guess Who,comedy,2005
Gurudeva,romance,2005
Guy X,"mystery, comedy",2005
Hajar Bachhor Dhore,drama,2005
Happy Endings,comedy,2005
Hating Alison Ashley,comedy,2005
Her Minor Thing,comedy,2005
Herbie: Fully Loaded,comedy,2005
Hide and Seek,horror,2005
Hitch,comedy,2005
Hoodwinked!,"animation, comedy",2005
Hostel,horror,2005
House of 9,horror,2005
House of D,comedy,2005
Ice Princess,comedy,2005
In Her Shoes,comedy,2005
In the Mix,comedy,2005
Intermedio,horror,2005
Into the Blue,thriller,2005
Iyer IPS,action,2005
Jai Chiranjeeva,comedy,2005
Jewboy,drama,2005
Ji,action,2005
Jithan,thriller,2005
Junebug,drama,2005
Just Friends,romance,2005
Just Like Heaven,comedy,2005
Kannamma,drama,2005
Karka Kasadara,romance,2005
Kasthuri Maan,drama,2005
Keeping Mum,comedy,2005
Kicking & Screaming,comedy,2005
Kids in America,comedy,2005
Kingdom of Heaven,action,2005
Krantikaal,romance,2005
Kundakka Mandakka,comedy,2005
Land of the Dead,horror,2005
Last Days,drama,2005
Les Boys IV,comedy,2005
Lie with Me,romance,2005
Little Fish,drama,2005
Look Both Ways,drama,2005
Lords of Dogtown,drama,2005
Love + hate,drama,2005
Lucid,drama,2005
Maayavi,comedy,2005
Madagascar,"animation, comedy",2005
Maha Nandi,action,2005
Majaa,comedy,2005
Man to Man,drama,2005
Man-Thing,horror,2005
Manasu Maata Vinadhu,romance,2005
Manik,romance,2005
Mannin Maindhan,romance,2005
Marilyn Hotchkiss' Ballroom Dancing and Charm School,romance,2005
Mazhai,romance,2005
Me and You and Everyone We Know,drama,2005
Memoirs of a Geisha,drama,2005
Miss Congeniality 2: Armed and Fabulous,"comedy, crime",2005
Modati Cinema,romance,2005
Molla Barir Bou,"comedy, drama",2005
Monster-in-Law,comedy,2005
Muddula Koduku,romance,2005
Mumbai Express,comedy,2005
Munich,drama,2005
Murder Unveiled,drama,2005
Must Love Dogs,comedy,2005
Naa Alludu,drama,2005
Namma Basava,action,2005
Narasimhudu,action,2005
Nenapirali,romance,2005
Never Been Thawed,comedy,2005
Neverwas,drama,2005
North Country,drama,2005
On a Clear Day,drama,2005
Oru Kalluriyin Kathai,romance,2005
Oru Naal Oru Kanavu,romance,2005
Our Very Own,drama,2005
Padri,drama,2005
Perpetual Motion,drama,2005
Political Rowdy,action,2005
Ponniyin Selvan,drama,2005
Poor Relatives,comedy,2005
Popstar,comedy,2005
Prime,comedy,2005
Priyasakhi,romance,2005
Proof,drama,2005
Racing Stripes,comedy,2005
Rahul's Arranged Marriage,"romance, drama, short",2005
Rebound,comedy,2005
Red Eye,thriller,2005
Rendella Tarvatha,drama,2005
Rent,musical,2005
Riding Alone for Thousands of Miles,drama,2005
Roll Bounce,comedy,2005
Rumor Has It...,comedy,2005
Sabah,romance,2005
Sachein,romance,2005
Sahara,action,2005
Sandakozhi,action,2005
Sangram,romance,2005
Sankranthi,drama,2005
Selvam,romance,2005
Severed: Forest of the Dead,horror,2005
Shadowboxer,thriller,2005
Shanghai Dreams,drama,2005
Shanti,drama,2005
Shopgirl,drama,2005
Shunya E Buke,romance,2005
Sidekick,thriller,2005
Silence Becomes You,thriller,2005
Sin City,"action, science fiction",2005
Sivakasi,action,2005
Son of the Mask,comedy,2005
Sri,action,2005
Star Wars: Episode III – Revenge of the Sith,"science fiction, action",2005
Stay,drama,2005
Sukran,action,2005
Sunflower,drama,2005
Thaka Thimi Tha,romance,2005
Thavamai Thavamirundhu,drama,2005
The 40-Year-Old Virgin,comedy,2005
The Ballad of Jack and Rose,drama,2005
The Baxter,comedy,2005
The Brothers Grimm,"adventure, fantasy",2005
The Business,crime,2005
The Cave,horror,2005
"The Chronicles of Narnia: The Lion, the Witch and the Wardrobe","adventure, epic fantasy,",2005
The Chumscrubber,comedy,2005
The Crow: Wicked Prayer,action,2005
The Derby Stallion,drama,2005
The Devil's Rejects,horror,2005
The Dukes of Hazzard,comedy,2005
The Dying Gaul,drama,2005
The Exorcism of Emily Rose,horror,2005
The Extra,comedy,2005
The Game of Their Lives,drama,2005
The Ghost Inside,horror,2005
The Greatest Game Ever Played,drama,2005
The Honeymooners,comedy,2005
The Ice Harvest,drama,2005
The Jacket,thriller,2005
The League of Gentlemen's Apocalypse,comedy,2005
The Legend of Zorro,adventure,2005
The Lost City,drama,2005
The Matador,comedy,2005
The Mostly Unfabulous Social Life of Ethan Green,comedy,2005
The New World,drama,2005
The Pacifier,comedy,2005
The Perfect Man,comedy,2005
The Proposition,western,2005
The Ring Two,horror,2005
The Ringer,comedy,2005
The Skeleton Key,horror,2005
The Squid and the Whale,drama,2005
The Thing About My Folks,comedy,2005
The Three Burials of Melquiades Estrada,drama,2005
The Upside of Anger,drama,2005
The War Within,drama,2005
The Wedding Date,comedy,2005
The White Countess,drama,2005
Thirupaachi,action,2005
Thotti Jaya,action,2005
Thralls,horror,2005
Three Dollars,drama,2005
Thullum Kaalam,drama,2005
Thumbsucker,comedy,2005
Traci Townsend,comedy,2005
Transamerica,drama,2005
Transporter 2,action,2005
Two for the Money,drama,2005
Ullam Ketkumae,romance,2005
Underclassman,comedy,2005
Undiscovered,musical,2005
Vanakkam Thalaiva,action,2005
Veeranna,action,2005
Venom,horror,2005
Vetrivel Sakthivel,drama,2005
Wait 'til You're Older,comedy,2005
Waiting...,comedy,2005
Wedding Crashers,comedy,2005
Where the Truth Lies,drama,2005
White Noise,drama,2005
Wolf Creek,horror,2005
You and Your Stupid Mate,comedy,2005
"Yours, Mine and Ours",comedy,2005
xXx: State of the Union,action,2005
2:37,drama,2006
36 China Town,"thriller, mystery",2006
9/Tenths,romance,2006
A Cock and Bull Story,comedy,2006
A Good Year,drama,2006
A Stone's Throw,drama,2006
Aadhi,action,2006
Aadu Puli Aatam,action,2006
Abhinetri,romance,2006
Abominable,horror,2006
Accepted,comedy,2006
Adaikalam,drama,2006
Ahista Ahista,"drama, romance",2006
Aisa Kyon Hota Hai,drama,2006
Aishwarya,romance,2006
Ajay,action,2006
Aksar,thriller,2006
Alag,drama,2006
Alien Autopsy,comedy,2006
Alone with Her,horror,2006
American Dreamz,"comedy, parody",2006
Analog Days,drama,2006
Anandache Jhaad,drama,2006
Ankahee,"drama, romance, crime",2006
Another Gay Movie,comedy,2006
Aparichit,thriller,2006
Apna Sapna Money Money,comedy,2006
Apocalypto,action,2006
Aran,action,2006
Artie Lange's Beer League,comedy,2006
Aryan - Unbreakable,"action, sports, romance",2006
Ask the Dust,drama,2006
Automaton Transfusion,horror,2006
Azhagai Irukkirai Bayamai Irukkirathu,romance,2006
Babel,drama,2006
Banaras: A Mystic Love Story,"drama, social",2006
Basic Instinct 2,thriller,2006
Beerfest,comedy,2006
Being Cyrus,"drama, comedy",2006
Bella,drama,2006
Bhagam Bhag,"comedy, musical",2006
Bibar,romance,2006
Bickford Shmeckler's Cool Ideas,comedy,2006
Big Bad Wolf,horror,2006
Big Dreams Little Tokyo,comedy,2006
Big Momma's House 2,comedy,2006
Bilut,drama,2006
Black Christmas,horror,2006
Blind Dating,comedy,2006
Blood Diamond,drama,2006
Bloody Mary,horror,2006
"Bon Cop, Bad Cop",comedy,2006
BoyTown,comedy,2006
Brand Upon the Brain!,"drama, silent",2006
Breaking and Entering,romance,2006
Broken Bridges,musical,2006
Caffeine,comedy,2006
Cashback,drama,2006
Catch a Fire,drama,2006
Cheech,"comedy, crime drama",2006
Chellata,romance,2006
Chennai Kadhal,romance,2006
Chingaari,"drama, social",2006
Chithiram Pesuthadi,action,2006
Christmas at Maxwell's,drama,2006
Chup Chup Ke,"comedy, romance",2006
Church Ball,comedy,2006
Cicak Man,comedy,2006
Civic Duty,drama,2006
Clerks II,comedy,2006
Click,comedy,2006
Colour Me Kubrick,comedy,2006
Come Early Morning,drama,2006
Confession of Pain,drama,2006
Congorama,drama,2006
Copying Beethoven,drama,2006
Corporate,"drama, thriller, business",2006
Crank,action,2006
Crazy Stone,comedy,2006
Crossover,action,2006
Curiosity Kills the Cat,thriller,2006
DOA: Dead or Alive,action,2006
Dance Party USA,drama,2006
Danika,horror,2006
Danny Roane: First Time Director,comedy,2006
Dark Corners,horror,2006
Darna Zaroori Hai,horror,2006
Dattha,action,2006
Dave Chappelle's Block Party,comedy,2006
Death Note,"detective fiction, drama",2006
Deck the Halls,comedy,2006
Devaki,drama,2006
Dharmapuri,action,2006
Dharti Kahe Pukar Ke,drama,2006
Dhoom 2,"thriller, action, romance, musical",2006
Diggers,comedy,2006
Dikari,comedy,2006
Disappearances,drama,2006
Dishyum,romance,2006
Don: The Chase Begins Again,"thriller, action, drama",2006
Dor,"drama, social",2006
Dreamgirls,musical,2006
Dreamland,drama,2006
Driftwood,horror,2006
E,thriller,2006
East Side Story,comedy,2006
Eight Below,adventure,2006
Em Magan,drama,2006
Employee of the Month,comedy,2006
End Game,action,2006
Euphoria,drama,2006
Everything's Gone Green,"comedy, drama",2006
Evil Bong,comedy,2006
Expiration Date,comedy,2006
Facing the Giants,drama,2006
Faltu,romance,2006
Family — Ties of Blood,"drama, thriller",2006
Fanaa,"drama, romance, thriller, musical",2006
Fast Food Nation,drama,2006
Fatwa,drama,2006
Fay Grim,action,2006
Fifty Pills,comedy,2006
Fight Club – Members Only,"action, thriller",2006
Final Destination 3,horror,2006
Firewall,thriller,2006
First Snow,thriller,2006
Footy Legends,comedy,2006
For Your Consideration,comedy,2006
Forever Flows,drama,2006
Friends with Money,drama,2006
Full Grown Men,comedy,2006
Game 6,comedy,2006
Gangster,"drama, romance, thriller, musical",2006
Garfield: A Tail of Two Kitties,comedy,2006
Gene-X,thriller,2006
Glory Road,drama,2006
Golmaal: Fun Unlimited,comedy,2006
Goya's Ghosts,drama,2006
Gridiron Gang,drama,2006
Half Light,thriller,2006
Half Nelson,drama,2006
Happy Feet,"animation, musical",2006
Header,horror,2006
Hollywoodland,"biography, crime",2006
Hood of Horror,horror,2006
How to Eat Fried Worms,comedy,2006
Humko Deewana Kar Gaye,"romance, drama, musical",2006
Humko Tumse Pyaar Hai,"drama, romance",2006
Hunt Angels,drama,2006
I See You,"drama, romance, social",2006
I Want Someone to Eat Cheese With,comedy,2006
Idhaya Thirudan,romance,2006
Idiocracy,"comedy, science fiction",2006
Idlewild,crime,2006
Ilavattam,romance,2006
Infamous,"biography, crime",2006
Inland Empire,drama,2006
Interkosmos,drama,2006
Iqraar By Chance,"action, drama",2006
It's a Boy Girl Thing,comedy,2006
Jaan-E-Mann,"drama, romance, musical, comedy",2006
Jambhavan,action,2006
Jerry,romance,2006
Jindabyne,drama,2006
John Tucker Must Die,comedy,2006
Jothe Jotheyali,romance,2006
June R,drama,2006
Just My Luck,comedy,2006
Kabhi Alvida Naa Kehna,"drama, romance, musical, comedy, family, social",2006
Kabul Express,"drama, thriller, war",2006
Kadhale En Kadhale,romance,2006
Kalabha Kadhalan,romance,2006
Kalamazoo?,comedy,2006
Kallarali Hoovagi,drama,2006
Kantatar,romance,2006
Karla,drama,2006
Kedi,romance,2006
Keeping Up with the Steins,comedy,2006
Khalnayak,romance,2006
Khosla Ka Ghosla,comedy,2006
Khottabych,comedy,2006
Kizhakku Kadalkarai Salai,romance,2006
Kovai Brothers,comedy,2006
Kranti,romance,2006
Krrish,"action, fantasy, romance, musical",2006
Kurukshetram,drama,2006
Kusthi,comedy,2006
Lady in the Water,thriller,2006
Lage Raho Munna Bhai,"comedy, social, musical",2006
Land of the Blind,drama,2006
Larry the Cable Guy: Health Inspector,comedy,2006
Last Holiday,romance,2006
Let's Go to Prison,comedy,2006
Like Minds,horror,2006
Little Chenier,drama,2006
Little Children,drama,2006
Little Man,comedy,2006
Live Free or Die,comedy,2006
Local Color,drama,2006
Loren Cass,drama,2006
Love Ke Chakkar Mein,"romance, comedy",2006
Loving Annabelle,drama,2006
Luxury Car,drama,2006
Macbeth,thriller,2006
Mad Cowgirl,drama,2006
Madarasi,action,2006
Madhu,romance,2006
Mahasangram,romance,2006
Malamaal Weekly,comedy,2006
Man About Town,comedy,2006
Man of the Year,comedy,2006
Manathodu Mazhaikalam,romance,2006
Manush Bhut,romance,2006
Mark of the Damned,horror,2006
Material Girls,comedy,2006
Mercury Pookkal,romance,2006
Miami Vice,action,2006
Mini,romance,2006
Minotaur,horror,2006
Mission: Impossible III,"action, spy",2006
Mithayi Mane,drama,2006
Modern Man,drama,2006
Mungaru Male,romance,2006
My Autograph,drama,2006
Naalai,action,2006
Nacho Libre,comedy,2006
Nacholer Rani,drama,2006
Naksha,"thriller, fantasy",2006
National Lampoon's Van Wilder: The Rise of Taj,comedy,2006
Neelakanta,romance,2006
Neenello Naanalle,drama,2006
Nenjil Jil Jil,romance,2006
Nenjirukkum Varai,romance,2006
Niagara Motel,drama,2006
Night of the Living Dead 3D,horror,2006
Nightmare Man,horror,2006
Nobody Knows About Sex,comedy,2006
Notes on a Scandal (film),drama,2006
O Jerusalem,drama,2006
Omkara,"drama, social, action",2006
One Night with the King,drama,2006
Pachchak Kuthira,action,2006
Paramasivan,action,2006
Pasa Kiligal,drama,2006
Peaceful Warrior,drama,2006
Perarasu,action,2006
Phat Girlz,comedy,2006
Phir Hera Pheri,comedy,2006
Pirates of the Caribbean: Dead Man's Chest,adventure,2006
Played,crime,2006
Playing the Victim,comedy,2006
Poi,romance,2006
Prathi Gnayiru 9.30 to 10.00,thriller,2006
"Puff, Puff, Pass",comedy,2006
Pulse,horror,2006
Pyaar Ke Side Effects,"comedy, romance",2006
Quinceañera,drama,2006
RV,adventure,2006
Rang De Basanti,"drama, patriotic, social",2006
Red Road,thriller,2006
Relative Strangers,comedy,2006
Restraint,thriller,2006
Right at Your Door,drama,2006
Rocky Balboa,drama,2006
Rocky – The Rebel,"action, romance",2006
Room 6,horror,2006
Russian Translation,thriller,2006
Saawan... The Love Season,"drama, romance",2006
Sacred Evil – A True Story,"horror, thriller",2006
Saravana,action,2006
Sasanam,drama,2006
Saw III,horror,2006
Scary Movie 4,"comedy, parody",2006
School for Scoundrels,comedy,2006
Secret of the Cave,adventure,2006
Seven O' Clock,romance,2006
Shaadi Se Pehle,"comedy, romance",2006
Shanghai Rumba,romance,2006
Sherrybaby,drama,2006
Shikar,romance,2006
Shikhar,drama,2006
Shuva,drama,2006
Silent Hill,horror,2006
Sillunu Oru Kaadhal,romance,2006
Simon Says,horror,2006
Sirivantha,drama,2006
Sivappathigaram,action,2006
Sleeping Dogs Lie,comedy,2006
Snakes on a Plane,thriller,2006
Snow Cake,drama,2006
Something New,drama,2006
Sonhos de Peixe,drama,2006
Special,drama,2006
Spymate,"comedy, family film",2006
Stay Alive,horror,2006
Steel Toes,drama,2006
Stephanie Daley,drama,2006
Stick It,drama,2006
Suyetchai MLA,comedy,2006
Swapno,"drama, romance",2006
"Tada, Kimi wo Aishiteru","romance, drama",2006
Taiyou no uta,drama,2006
Take the Lead,"drama, dance",2006
Talladega Nights: The Ballad of Ricky Bobby,comedy,2006
Tathastu,"drama, family",2006
Taxi No. 9211,"social, thriller",2006
Teesri Aankh: The Hidden Camera,"action, thriller",2006
Tenacious D in The Pick of Destiny,comedy,2006
Thagapansamy,action,2006
Thalaimagan,action,2006
Thambi,action,2006
Thank You for Smoking,comedy,2006
The 601st Phone Call,comedy,2006
The 8th Plague,horror,2006
The Abandoned,horror,2006
The Architect,drama,2006
The Astronaut Farmer,drama,2006
The Beach Party at the Threshold of Hell,comedy,2006
The Benchwarmers,comedy,2006
The Big Bad Swim,comedy,2006
The Book of Revelation,thriller,2006
The Break-Up,romance,2006
The Breed,horror,2006
The Caterpillar Wish,drama,2006
The Contract,drama,2006
The Covenant,horror,2006
The Curiosity of Chance,comedy,2006
The Da Vinci Code,thriller,2006
The Darwin Awards,comedy,2006
The Dead Girl,drama,2006
The Death of Poe,horror,2006
The Devil Wears Prada,"comedy, drama",2006
The Fast and the Furious: Tokyo Drift,action,2006
The Genius Club,drama,2006
The Good German,"drama, war",2006
The Good Shepherd,drama,2006
The Groomsmen,comedy,2006
The Grudge 2,horror,2006
The Hamiltons,horror,2006
The Hard Corps,action,2006
The History Boys,drama,2006
The Holiday,romance,2006
The Illusionist,drama,2006
The Knot,romance,2006
The Lake House,romance,2006
The Last King of Scotland,drama,2006
The Last Kiss,drama,2006
The Last Winter,horror,2006
The Long Weekend,comedy,2006
The Marine,action,2006
The Night Listener,thriller,2006
The Oh in Ohio,comedy,2006
The Painted Veil,drama,2006
The Queen,drama,2006
The Quick and the Undead,"horror, western",2006
The Red Kebaya,drama,2006
The Return,thriller,2006
The Sasquatch Gang,comedy,2006
The Second Chance,drama,2006
The Secret Life of Happy People,"comedy, drama",2006
The Sword Bearer,action,2006
The Teddy Bear Master,horror,2006
The Texas Chainsaw Massacre: The Beginning,horror,2006
The Thief Lord,adventure,2006
The Wicker Man,horror,2006
The Woods,horror,2006
Thimiru,action,2006
Thirupathi,action,2006
Thiruttu Payale,thriller,2006
Three,drama,2006
Thutturi,drama,2006
Tirant lo Blanc,adventure,2006
Tom Dick And Harry,comedy,2006
Trailer Park Boys: The Movie,comedy,2006
Tristan & Isolde,drama,2006
Turistas,horror,2006
U.E.,thriller,2006
Unaccompanied Minors,comedy,2006
Unakkum Enakkum,romance,2006
Underworld: Evolution,horror,2006
United 93,drama,2006
Unnatural & Accidental,drama,2006
Unrest,horror,2006
Uyir,drama,2006
V for Vendetta,thriller,2006
Vallavan,romance,2006
Vanaja,drama,2006
Vanjagan,thriller,2006
Vathiyar,action,2006
Venus,drama,2006
Veyil,drama,2006
Vivah,"romance, drama",2006
We Are Marshall,drama,2006
Who Loves the Sun,drama,2006
Wicked Little Things,horror,2006
Wild Country,horror,2006
Wo Hu,crime,2006
World Trade Center,drama,2006
Wristcutters: A Love Story,drama,2006
Yanda Kartavya Aahe,"comedy, romance",2006
"You, Me and Dupree",comedy,2006
Yuga,horror,2006
1408,horror,2007
18 Vayasu Puyale,romance,2007
28 Weeks Later,horror,2007
30 Days of Night,horror,2007
300,action,2007
A Mighty Heart,drama,2007
Aaja Nachle,musical,2007
Aalwar,action,2007
Aata,drama,2007
Across the Universe,musical,2007
Actress,comedy,2007
Adrift in Manhattan,drama,2007
Agaram,drama,2007
Aggar,"drama, thriller",2007
Agra,drama,2007
Aha!,drama,2007
Aliens vs. Predator: Requiem,"action, horror",2007
Allare Allari,comedy,2007
Alvin and the Chipmunks,"family, musical",2007
Amal,drama,2007
American Gangster,crime,2007
American Pastime,drama,2007
American Venus,drama,2007
Ammuvagiya Naan,drama,2007
Anamorph,thriller,2007
Anasuya,thriller,2007
Anbu Thozhi,drama,2007
And When Did You Last See Your Father?,comedy,2007
Anumanaspadam,thriller,2007
Anwar,drama,2007
Apne,"family, drama, sports",2007
Are We Done Yet?,comedy,2007
Arya,romance,2007
Athidi,action,2007
Atonement,drama,2007
August Rush,"family, musical",2007
Awake,thriller,2007
Awarapan,"action, drama",2007
Balls of Fury,"comedy, sports",2007
Banshi,drama,2007
Before the Rains,romance,2007
Bhayya,action,2007
Bhool Bhulaiyaa,"mystery, thriller, comedy",2007
Bhram,thriller,2007
Big Stan,comedy,2007
Black Water,horror,2007
Blades of Glory,"comedy, sports",2007
Blind Mountain,drama,2007
Bluff,comedy,2007
Bratz: The Movie,"comedy, family",2007
Breakfast with Scot,comedy,2007
Brick Lane,drama,2007
Brotherhood of Blood,horror,2007
Buddha Mar Gaya,comedy,2007
Butterfly on a Wheel,thriller,2007
Cake: A Wedding Story,comedy,2007
Captivity,thriller,2007
Cargo 200,thriller,2007
Cassandra's Dream,drama,2007
Chandamama,drama,2007
Chander Bari,romance,2007
Charlie Wilson's War,"biography, drama",2007
Cheena Thaana 001,comedy,2007
Cheeni Kum,"romance, comedy, drama",2007
Chennai 600028,comedy,2007
Chhodon Naa Yaar,horror,2007
Chirutha,action,2007
Clubland,drama,2007
Control,"biography, drama",2007
Cthulhu,horror,2007
Curtin,drama,2007
Daddy Day Camp,"comedy, family",2007
Daddy's Little Girls,"drama, romance",2007
Dangerous Parking,drama,2007
Dark Matter,drama,2007
Daruchini Dwip,"drama, comedy, romance",2007
Day Zero,drama,2007
Dead Daughters,horror,2007
Dead Silence,horror,2007
Death Sentence,"action, crime",2007
December Boys,drama,2007
Decoys 2,"sci-fi, horror",2007
Deepavali,romance,2007
Desamuduru,drama,2007
Devil Girl,thriller,2007
Dhamaal,comedy,2007
Dhee,comedy,2007
Dhol,comedy,2007
Doctor Bari,romance,2007
Dr. Plonk,comedy,2007
Dubai Seenu,comedy,2007
Dus Kahaniyaan,drama,2007
Ed Gein: The Butcher of Plainfield,horror,2007
Eklavya: The Royal Guard,drama,2007
Elvis and Anabelle,drama,2007
Emotional Arithmetic,drama,2007
Evan Almighty,comedy,2007
Evano Oruvan,drama,2007
Evening,drama,2007
Extreme Movie,comedy,2007
Far North,drama,2007
Feel the Noise,"dance, drama",2007
Fool n Final,"action, comedy, romance, musical",2007
Freakshow,horror,2007
Fred Claus,comedy,2007
Freedom Writers,drama,2007
Fujian Blue,drama,2007
Full of It,comedy,2007
"Gandhi, My Father",drama,2007
Gauri: The Unborn,horror,2007
"Good Boy, Bad Boy",comedy,2007
Grace Is Gone,drama,2007
Gracie,drama,2007
Gundamma Gaari Manavadu,comedy,2007
Guru,"drama, romance",2007
Hairspray,musical,2007
Hallam Foe,drama,2007
Hammer Bay,drama,2007
Hattrick,comedy,2007
Heyy Babyy,"comedy, drama, romance",2007
Hitman,action,2007
Honeydripper,"drama, musical",2007
Hostel: Part II,horror,2007
Hot Fuzz,comedy,2007
Hot Rod,comedy,2007
I Know Who Killed Me,thriller,2007
I Now Pronounce You Chuck and Larry,comedy,2007
I Want Candy,comedy,2007
I'm Not There,"bio-pic, musical",2007
In the Valley of Elah,drama,2007
Interview,drama,2007
Into the Wild,"adventure, drama",2007
Invisible Wings,drama,2007
Irina Palm,drama,2007
Itty Bitty Titty Committee,comedy,2007
I’m Staying,comedy,2007
Jab We Met,"romance, comedy",2007
Jagadam,drama,2007
Jhoom Barabar Jhoom,"romance, comedy",2007
Johnny Gaddar,thriller,2007
Joshua,thriller,2007
Kaal,romance,2007
Kalishankar,romance,2007
Kallori,drama,2007
Kanna,romance,2007
Karuppusamy Kuththagaithaarar,drama,2007
Kasu Irukkanum,thriller,2007
Kattradhu Thamizh,drama,2007
Kickin' It Old Skool,comedy,2007
Killing Zelda Sparks,drama,2007
Kilometer Zero,"action, crime",2007
Kireedam,drama,2007
Knocked Up,comedy,2007
Koizora,romance,2007
Koodal Nagar,romance,2007
Laaga Chunari Mein Daag,drama,2007
Lady Magdalene's,action,2007
Lakshmi Kalyanam,drama,2007
Life Mein Kabhie Kabhiee,thriller,2007
Lions for Lambs,drama,2007
Live Free or Die Hard,action,2007
Lost in Beijing,drama,2007
Love in the Time of Cholera,drama,2007
Lucky You,drama,2007
"Lust, Caution",thriller,2007
Maa Madurai,drama,2007
Machakaaran,romance,2007
Madhumasam,drama,2007
Magicians,comedy,2007
Maharadhi,drama,2007
Maiko Haaaan!!!,comedy,2007
Malaikottai,action,2007
Manase Mounama,drama,2007
Manorama Six Feet Under,thriller,2007
Mantra,thriller,2007
Marudhamalai,action,2007
Matir Moyna,romance,2007
Maya Kannadi,romance,2007
Mere Oblivion,"comedy, drama",2007
Mermaid,"comedy, drama",2007
Michael Clayton,thriller,2007
Mirugam,drama,2007
Mitti Wajaan Maardi,drama,2007
Moscow Chill,thriller,2007
Moving McAllister,comedy,2007
Mozhi,"romance, comedy",2007
Mr. Bean's Holiday,comedy,2007
Mr. Brooks,thriller,2007
Mr. Woodcock,comedy,2007
Mudhal Kanave,romance,2007
Muni,horror,2007
Murugaa,romance,2007
"My Daughter, My Angel (Ma fille mon ange)",thriller,2007
My Sexiest Year,comedy,2007
My Winnipeg,drama,2007
Namastey London,"romance, comedy, drama, social",2007
Nanbanin Kadhali,romance,2007
Nancy Drew,"crime, family",2007
National Treasure: Book of Secrets,adventure,2007
Nava Vasantham,drama,2007
Neevalle Neevalle,romance,2007
Nenjai Thodu,thriller,2007
Night Train,thriller,2007
Ninaithale,romance,2007
Ninaithu Ninaithu Parthen,romance,2007
Nobel Son,drama,2007
Norbit,comedy,2007
Normal Adolescent Behavior,drama,2007
Ocean's Thirteen,"comedy, crime",2007
Okkadunnadu,thriller,2007
Om Shanti Om,"action, romance, comedy, drama",2007
Onbadhu Roobai Nottu,drama,2007
Only for You,romance,2007
Oram Po,comedy,2007
Outpost,horror,2007
P.S. I Love You,romance,2007
P2,horror,2007
Pachaikili Muthucharam,thriller,2007
Pallikoodam,drama,2007
Paragraph 78,"action, science fiction, thriller",2007
Paranoid Park,drama,2007
Parattai Engira Azhagu Sundaram,action,2007
Paruthiveeran,drama,2007
Passage to Zarahemla,adventure,2007
Pasupathi c/o Rasakkapalayam,action,2007
Pathfinder,action,2007
Piragu,drama,2007
Pirates of the Caribbean: At World's End,"adventure, swashbuckler",2007
Pokkiri,action,2007
Popcorn,comedy,2007
Poramboku,drama,2007
Pori,action,2007
Prem Rog,romance,2007
Premonition,thriller,2007
Pride,drama,2007
Primeval,horror,2007
Puli Varudhu,romance,2007
Rameswaram,drama,2007
Raqeeb,romance,2007
Rasigar Mandram,drama,2007
Red Swastik,thriller,2007
Redline,action,2007
Reign Over Me,drama,2007
Rendition,drama,2007
Reno 911!: Miami,comedy,2007
Reservation Road,drama,2007
Resident Evil: Extinction,"action, horror",2007
Resurrecting the Champ,drama,2007
Risk,"action, drama",2007
Rogue,horror,2007
"Romulus, My Father",drama,2007
Run Fatboy Run,comedy,2007
Rush Hour 3,action,2007
Saade Maade Teen,comedy,2007
Saawariya,"drama, romance",2007
Sabari,action,2007
Salaam-e-Ishq: A Tribute to Love,romance,2007
Satham Podathey,thriller,2007
Savage Grace,drama,2007
Saw IV,"horror, thriller",2007
Seema Sastry,comedy,2007
Seraphim Falls,western,2007
Shakalaka Boom Boom,"drama, social, musical, romance",2007
Shankardada Zindabad,drama,2007
Shoot on Sight,thriller,2007
Shootout at Lokhandwala,"action, crime, drama",2007
Sinner,drama,2007
Sivaji,action,2007
Sivaji - The Boss,action,2007
Sivi,horror,2007
Sleuth,drama,2007
Smiley Face,comedy,2007
Spiral,drama,2007
Sringaram,drama,2007
St Trinian's,comedy,2007
Starting Out in the Evening,romance,2007
Still Green,drama,2007
Stomp the Yard,"dance, drama",2007
Straightheads,thriller,2007
Stuck,crime,2007
Suffering Man's Charity,comedy,2007
Superbad,comedy,2007
Surviving My Mother,"family drama, comedy",2007
Sweeney Todd: The Demon Barber of Fleet Street,"musical, thriller",2007
Ta Ra Rum Pum,"romance, drama, social",2007
Taare Zameen Par,drama,2007
Takkari,comedy,2007
Thaamirabharani,action,2007
Thavam,action,2007
The 3 L'il Pigs (Les 3 p'tits cochons),comedy,2007
The Assassination of Jesse James by the Coward Robert Ford,"biography, western",2007
The Baker,comedy,2007
The Banishment,drama,2007
The Blue Hour,drama,2007
The Bourne Ultimatum,action,2007
The Brothers Solomon,comedy,2007
The Case,drama,2007
The Condemned,crime,2007
The Diving Bell and the Butterfly,drama,2007
The Final Winter,drama,2007
The Girl in the Park,drama,2007
The Great Debaters,"bio-pic, drama",2007
The Hammer,comedy,2007
The Hills Have Eyes 2,horror,2007
The Home Song Stories,drama,2007
The Invisible,thriller,2007
The Jammed,thriller,2007
The Kingdom,action,2007
The Kite Runner,drama,2007
The Last Sin Eater,drama,2007
The Life Before Her Eyes,drama,2007
The List,thriller,2007
The Lookout,crime,2007
The Messengers,horror,2007
The Mist,horror,2007
The Moon and the Stars,drama,2007
The Namesake,drama,2007
The Number 23,thriller,2007
The Reaping,horror,2007
The Riddle,thriller,2007
The Sun Also Rises,drama,2007
The Ten,comedy,2007
The Tracey Fragments,drama,2007
Thee Nagar,action,2007
There Will Be Blood,drama,2007
They Wait,horror,2007
Things We Lost in the Fire,drama,2007
This is England,drama,2007
Tholaipesi,romance,2007
Thoovanam,drama,2007
Thottal Poo Malarum,romance,2007
Thullal,romance,2007
Tins,action,2007
Toss,drama,2007
Traffic Signal,drama,2007
Tui Jodi Amar Hoiti Re,romance,2007
Tulasi,action,2007
Tulkalam,romance,2007
Unnale Unnale,romance,2007
Urchagam,action,2007
Vacancy,"horror, thriller",2007
Vasantham Vanthachu,romance,2007
Veeramum Eeramum,action,2007
Veerappu,action,2007
Veerasamy,drama,2007
Vel,action,2007
Viyabari,drama,2007
War,action,2007
Weirdsville,"comedy, action",2007
Welcome,comedy,2007
West,"drama, romance",2007
Whisper,horror,2007
White Noise: The Light,horror,2007
Who's Your Caddy?,comedy,2007
Wild Hogs,comedy,2007
Wind Chill,horror,2007
Yaaruku Yaaro,romance,2007
You Kill Me,"crime, comedy",2007
Youth Without Youth,romance,2007
10 Promises to My Dog,drama,2008
"10,000 BC",adventure,2008
10:10,comedy,2008
1920,"horror, mystery, romance, thriller",2008
21,drama,2008
88 Minutes,thriller,2008
90 Ghanta,thriller,2008
A Broken Life,drama,2008
A Bunch of Amateurs,comedy,2008
A Wednesday!,"drama, thriller",2008
Aamir,"drama, thriller",2008
Aaynate,romance,2008
Aayudham Seivom,action,2008
Acolytes,thriller,2008
Adivishnu,drama,2008
Adoration,drama,2008
Adulthood,drama,2008
Alibhabha,action,2008
"Ami, Yasin Ar Amar Madhubala",romance,2008
An Empress and the Warriors,action,2008
Ankusham,drama,2008
Antaratama,romance,2008
Appaloosa,western,2008
Ashoka,action,2008
Ashta Chamma,comedy,2008
August,drama,2008
Australia,"adventure, romantic drama",2008
Avakai Biryani,drama,2008
Baby Mama,comedy,2008
Babylon A.D.,"science fiction, thriller",2008
Bachna Ae Haseeno,"comedy, drama, romance",2008
Bajimaat,romance,2008
Baladur,drama,2008
Ballast,drama,2008
Bangkok Dangerous,thriller,2008
Be Kind Rewind,comedy,2008
Beer for My Horses,comedy,2008
Beverly Hills Chihuahua,comedy,2008
Bhale Dongalu,romance,2008
Bheema,action,2008
Bhoothnath,"comedy, drama, fantasy",2008
Bitter & Twisted,drama,2008
Biyer Lagna,romance,2008
Blindness,drama,2008
Blonde and Blonder,comedy,2008
Body of Lies,drama,2008
Bombay to Bangkok,"comedy, drama, romance",2008
Bommalattam,thriller,2008
Bommana Brothers Chandana Sisters,comedy,2008
Brahmanandam Drama Company,comedy,2008
Budak Kelantan,drama,2008
Bujjigaadu,romance,2008
Burn After Reading,comedy,2008
C Kkompany,comedy,2008
CJ7,comedy,2008
Cactus,drama,2008
Cadillac Records,"biography, musical",2008
Chak De Phatte,comedy,2008
Chamku,"musical, romance, thriller",2008
Changeling,drama,2008
Chaturanga,romance,2008
Chintakayala Ravi,comedy,2008
City Without Baseball,drama,2008
Cloverfield,"science fiction, thriller",2008
Congkak,horror,2008
Crooked Business,comedy,2008
Cuci,comedy,2008
Dada's Dance,drama,2008
De Dhakka,"family, drama, comedy",2008
De Taali,"comedy, romance",2008
Deal,drama,2008
Death Race,action,2008
Defiance,"drama, war",2008
Dhanam,drama,2008
Dindigul Sarathy,comedy,2008
Disaster Movie,"comedy, parody",2008
Don Muthu Swami,comedy,2008
Doubt,drama,2008
Down to the Dirt,drama,2008
Drillbit Taylor,comedy,2008
Durai,action,2008
Duyung,romance,2008
Dying Breed,horror,2008
Eagle Eye,action,2008
Eden Lake,horror,2008
Ek Vivaah... Aisa Bhi,drama,2008
Elegy,"drama, romance",2008
Er Dong,drama,2008
"Everybody Will Die, And I Shall Remain",drama,2008
Evolusi KL Drift,action,2008
Fashion,"drama, romance",2008
Fifty Dead Men Walking,thriller,2008
Fireflies in the Garden,drama,2008
Fireproof,drama,2008
Flash of Genius,"biography, drama",2008
Flashbacks of a Fool,drama,2008
Fool's Gold,adventure,2008
Forever Strong,drama,2008
Forgetting Sarah Marshall,comedy,2008
Freebird,comedy,2008
French Film,comedy,2008
Frost/Nixon,"drama, biography",2008
Funny Games,thriller,2008
Gamyam,drama,2008
Get Smart,comedy,2008
Ghajini,"action, drama, mystery, romance, thriller",2008
Gharjamai,romance,2008
Ghost Town,comedy,2008
God Tussi Great Ho,"comedy, romance",2008
Golmaal,comedy,2008
Golmaal Returns,comedy,2008
Good,drama,2008
Gorintaku,drama,2008
Gran Torino,drama,2008
Gumnaam – The Mystery,"thriller, mystery",2008
Gunde Jhallumandi,romance,2008
Gutterballs,horror,2008
Haal–e–dil,"drama, romance",2008
Hamlet 2,comedy,2008
Hana yori Dango Final,romance,2008
Hank and Mike,comedy,2008
Happy-Go-Lucky,drama,2008
Hari Puttar: A Comedy of Terrors,comedy,2008
Harold,comedy,2008
Harold & Kumar Escape from Guantanamo Bay,comedy,2008
Hellboy II: The Golden Army,"action, superhero",2008
Hello,"drama, romance",2008
Hello Kolkata,romance,2008
Hero Wanted,action,2008
High School Musical 3: Senior Year,"musical, family",2008
Hitler goes Kaput!,comedy,2008
Hochchheta ki,comedy,2008
Homam,action,2008
How to Lose Friends & Alienate People,comedy,2008
Humne Jeena Seekh Liya,comedy,2008
Hunger,drama,2008
In Bruges,action,2008
In Love We Trust,drama,2008
Incendiary,drama,2008
Indiana Jones and the Kingdom of the Crystal Skull,adventure,2008
Indiralohathil Na Azhagappan,comedy,2008
Inkheart,adventure,2008
Issız Adam,romance,2008
Jaane Tu... Ya Jaane Na,romance,2008
Jannat,"drama, romance",2008
Jimmy,"drama, action, crime, thriller, romance",2008
Jodhaa Akbar,"history, romance",2008
John Appa Rao 40 plus,comedy,2008
Jor,romance,2008
K-20: Legend of the Mask,action,2008
Kaalai,action,2008
Kaalpurush,drama,2008
Kadhalil Vizhunthen,romance,2008
Kalidasu,romance,2008
Kami The Movie,drama,2008
Kannum Kannum,romance,2008
Kantri,action,2008
Karzzzz,"action, romance",2008
Kathanayakudu,drama,2008
Kathavarayan,action,2008
Kattuviriyan,thriller,2008
Ke Tumi,drama,2008
Keka,romance,2008
Khela,drama,2008
Kinta 1881,action,2008
Kotha Bangaru Lokam,romance,2008
Krazzy 4,comedy,2008
Krishnarjuna,drama,2008
Kurosagi,thriller,2008
Kuruvi,action,2008
Kuselan,drama,2008
La Lingerie,comedy,2008
Lakeview Terrace,thriller,2008
Lakshmi Putrudu,romance,2008
Lal Ronger Duniya,romance,2008
Lala's Gun,drama,2008
Last Chance Harvey,romance,2008
Leatherheads,comedy,2008
Lost Indulgence,drama,2008
Love Exposure,"romance, comedy, drama, art house & international, action",2008
Love Story 2050,"drama, musical, romance",2008
Maa Ayana Chanti Pilladu,drama,2008
Maan Gaye Mughal-e-Azam,comedy,2008
Mad Money,"comedy, crime",2008
Made of Honor,comedy,2008
Mahakaal,action,2008
Maharathi,thriller,2008
"Mahesh, Saranya Matrum Palar",romance,2008
Mamma Mia!,musical,2008
Max Payne,action,2008
Meerabai Not Out,drama,2008
Meet Dave,comedy,2008
Meet the Browns,comedy,2008
Meet the Spartans,comedy,2008
Men's Group,drama,2008
Mera Pind,"romance, drama",2008
Mere Baap Pehle Aap,comedy,2008
Mirrors,horror,2008
Mission Istaanbul,adventure,2008
Mon Amour: Shesher Kobita Revisited,romance,2008
Money Hai Toh Honey Hai,"comedy, drama, romance",2008
Morphine,drama,2008
Mr. Funtoosh,romance,2008
Mr. Medhavi,romance,2008
Mr. White Mr. Black,comedy,2008
Muniyandi Vilangial Moonramandu,action,2008
My Best Friend's Girl,comedy,2008
My Sassy Girl,comedy,2008
Nachavule,romance,2008
Nee Sukhame Ne Koruthunna,drama,2008
Neel Rajar Deshe,romance,2008
Neninthe,action,2008
Nenjathai Killadhe,romance,2008
Nenu Meeku Telusa...?,thriller,2008
Nepali,action,2008
Never Back Down,action,2008
Newcastle,drama,2008
Nick and Norah's Infinite Playlist,comedy,2008
Nights in Rodanthe,romance,2008
Nim's Island,adventure,2008
Ninna Nedu Repu,thriller,2008
Nothing But the Truth,thriller,2008
Nothing Like the Holidays,drama,2008
Ocean Flame,drama,2008
Offing David,"comedy, mystery",2008
"Oh, My God",comedy,2008
Okka Magadu,action,2008
One Missed Call,horror,2008
Otto; or Up with Dead People,horror,2008
Over Her Dead Body,comedy,2008
Oye Lucky! Lucky Oye!,"comedy, drama",2008
Padakshep,romance,2008
Painted Skin,horror,2008
Panchamirtham,comedy,2008
Pandhayam,romance,2008
Pandi,action,2008
Partner,romance,2008
Parugu,romance,2008
Passchendaele,"romance, world war i drama",2008
Passengers,drama,2008
Pathology,thriller,2008
Phoonk,horror,2008
Pidichirukku,romance,2008
Pineapple Express,comedy,2008
Poi Solla Porom,comedy,2008
Pontypool,"horror, thriller",2008
Poo,romance,2008
Pourudu,drama,2008
Premabandham,romance,2008
Quantum of Solace,"action, 007",2008
Quarantine,horror,2008
Rab Ne Bana Di Jodi,romance,2008
Rachel Getting Married,drama,2008
Rajkumar,romance,2008
Raksha,thriller,2008
Raktamukhi Neela,romance,2008
Rama Rama Kya Hai Drama,comedy,2008
Rambo,action,2008
Rangamati,romance,2008
Redbelt,"drama, martial arts",2008
Repo! The Genetic Opera,"horror, musical",2008
Revolutionary Road,drama,2008
Roadside Romeo,"animation, family, romance",2008
Rock On!!,"drama, romance, musical",2008
Role Models,comedy,2008
Rule No. 1,horror,2008
Saamida,action,2008
Sadhu Babar Lathi,drama,2008
Sadhu Miranda,thriller,2008
Sakkarakatti,romance,2008
Sarkar Raj,"action, crime, drama, thriller",2008
Satyameba Jayate,romance,2008
Saw V,horror,2008
Sedin Dujone,romance,2008
Semi-Pro,"comedy, sports",2008
Seval,action,2008
Seven Pounds,drama,2008
Sex Drive,comedy,2008
Sex and the City,comedy,2008
Shaolin Girl,comedy,2008
Shaurya,drama,2008
Shibaji,action,2008
Shutter,horror,2008
Siddu from Sikakulam,romance,2008
Sila Nerangalil,thriller,2008
Silambattam,action,2008
Singakutty,action,2008
Singh Is Kinng,"action, comedy, crime, romance",2008
Sirf,"drama, romance",2008
Slumdog Millionaire,drama,2008
Smart People,comedy,2008
Sorry Bhai!,romance,2008
Soul Men,"comedy, musical",2008
Souryam,action,2008
Sparrow,drama,2008
Spike,horror,2008
Step Brothers,comedy,2008
Stone of Destiny,drama,2008
Strange Wilderness,comedy,2008
Subramaniapuram,action,2008
Sunday,"action, comedy",2008
Superhero Movie,"comedy, parody",2008
Superior Ultraman 8 Brothers,comedy,2008
Susuk,horror,2008
Swagatham,drama,2008
Swapner Din,romance,2008
Swing Vote,comedy,2008
Tahaan,"adventure, drama",2008
Taken,thriller,2008
Takkar,romance,2008
Tashan,"action, romance",2008
Thangam,action,2008
The Accidental Husband,romance,2008
The Bank Job,thriller,2008
The Best Movie,comedy,2008
The Black Balloon,drama,2008
The Boy in the Striped Pyjamas,drama,2008
The Butterfly Lovers,"romance, wuxia",2008
The Children,horror,2008
The Curious Case of Benjamin Button,drama,2008
The Deal,comedy,2008
The Edge of Love,drama,2008
The Escapist,thriller,2008
The Eye,horror,2008
The Ghost,thriller,2008
The Grind,crime,2008
The Haunting of Molly Hartley,horror,2008
The Horseman,thriller,2008
The Hottie and the Nottie,comedy,2008
The House Bunny,comedy,2008
The Last Lear,"biography, drama",2008
The Last Thakur,"action, drama",2008
The Love Guru,comedy,2008
The Machine Girl,"horror, action comedy",2008
The Midnight Meat Train,horror,2008
The Monster X Strikes Back,comedy,2008
The Mummy: Tomb of the Dragon Emperor,adventure,2008
The Necessities of Life,drama,2008
The Other Boleyn Girl,drama,2008
The Other Man,drama,2008
The Promotion,comedy,2008
The Reader,drama,2008
The Rocker,comedy,2008
The Ruins,horror,2008
The Secret Life of Bees,drama,2008
The Square,thriller,2008
The Strangers,horror,2008
Theekuchi,action,2008
Thenavattu,action,2008
Thiruvannamalai,action,2008
Thodakkam,thriller,2008
Thoondil,romance,2008
Thotta,action,2008
Thozha,drama,2008
Tipu Kanan Tipu Kiri,comedy,2008
Tokyo Gore Police,"action, horror",2008
Tokyo Sonata,drama,2008
Tolly Lights,romance,2008
Tollywood Focus,romance,2008
Tomar Jonyo,romance,2008
Transsiberian,thriller,2008
Tropic Thunder,comedy,2008
True Women For Sale,drama,2008
Tumi Kar,romance,2008
U Me Aur Hum,romance,2008
Ugly Aur Pagli,comedy,2008
Ullasamga Utsahamga,drama,2008
Unfinished Sky,drama,2008
Untraceable,thriller,2008
Vaana,romance,2008
Vaaranam Aayiram,romance,2008
Vaazhthugal,romance,2008
Vaitheeswaran,action,2008
Vallamai Tharayo,romance,2008
Vambu Sandai,action,2008
Vantage Point,thriller,2008
Vedha,romance,2008
Velli Thirai,drama,2008
Via Darjeeling,"drama, mystery, thriller",2008
Vicky Cristina Barcelona,romance,2008
Vinayakudu,romance,2008
Vishaka Express,thriller,2008
W.,"biography, drama",2008
Wanted,action,2008
"War, Inc.",action,2008
Welcome Home Roscoe Jenkins,comedy,2008
Welcome to Sajjanpur,"comedy, drama",2008
What Happens in Vegas,comedy,2008
What Just Happened,comedy,2008
Wild Field,drama,2008
Witless Protection,comedy,2008
Woodstock Villa,thriller,2008
Yaaradi Nee Mohini,romance,2008
Yes Man,comedy,2008
You Don't Mess with the Zohan,comedy,2008
Yuri's Day,drama,2008
Yuvvraaj,"musical, drama, romance, family",2008
Zack and Miri Make a Porno,comedy,2008
12 Rounds,action,2009
13B,horror,2009
17 Again,"comedy, teen",2009
1977,action,2009
2 Harihar Nagar (2 ഹരിഹർ നഗർ),comedy,2009
3 Idiots,comedy,2009
5150 Elm's Way,"drama, thriller",2009
99,comedy,2009
A Aa E Ee,comedy,2009
A Boy Called Dad,drama,2009
A Perfect Getaway,thriller,2009
A Serious Man,comedy,2009
A Single Man,drama,2009
A Very Short Life,crime,2009
Aa Dekhen Zara,"action, thriller",2009
Aa Okkadu,thriller,2009
Aadatha Aattamellam,drama,2009
Aagey Se Right,comedy,2009
Aakasamantha,drama,2009
Aarumaname,drama,2009
Aarumugam,action,2009
Aayirathil Oruvan (ആയിരത്തിൽ ഒരുവൻ),drama,2009
Accident on Hill Road,thriller,2009
Acid Factory,action,2009
Acı Aşk,drama,2009
Adhe Neram Adhe Idam,romance,2009
Adventureland,comedy,2009
After.Life,horror,2009
Agyaat,horror,2009
Ainthaam Padai,action,2009
Air Doll,drama,2009
Ajab Prem Ki Ghazab Kahani,"comedy, romance",2009
Ajantha,drama,2009
Alien Trespass,"comedy, science fiction",2009
All About Steve,comedy,2009
All The Best: Fun Begins,comedy,2009
"All's Well, Ends Well 2009",comedy,2009
Alvin and the Chipmunks: The Squeakquel,"family, musical",2009
Amar Praner Priya,romance,2009
Amaravathi,thriller,2009
Amelia,"biography, drama",2009
American Violet,drama,2009
An Invisible Sign,drama,2009
Ananda Tandavam,romance,2009
Angel John,drama,2009
Angels & Demons,"adventure, mystery",2009
Anjaneyulu,comedy,2009
Anthony Yaar?,drama,2009
April Bride,drama,2009
Arcadia Lost,drama,2009
Armored,"action, crime drama",2009
Arundhati,thriller,2009
Arya 2,romance,2009
Assassination of a High School President,comedy,2009
At the End of Daybreak,romance,2009
Awaydays,drama,2009
Azhagar Malai,drama,2009
Baanam,drama,2009
Banaras (ബനാറസ്‌),"romance, musical",2009
Bandslam,musical,2009
Barah Aana,drama,2009
Basic Love,romance,2009
Başka Dilde Aşk,drama,2009
Beautiful Kate,drama,2009
Beauty,drama,2009
Bendu Apparao R.M.P.,comedy,2009
Berdella[2],"biography, horror",2009
Bhagavan (ഭഗവാൻ),action,2009
Bhagyadevatha (ഭാഗ്യദേവത),drama,2009
Bhoomi Malayalam (ഭൂമി മലയാളം),drama,2009
Big Fan,drama,2009
Billu,drama,2009
Black Dalia,action,2009
Blessed,drama,2009
Blue,action,2009
Boni,action,2009
Boogie Woogie,comedy,2009
Bornova Bornova,drama,2009
"Boys Are Back, TheThe Boys Are Back",drama,2009
Bride Wars,comedy,2009
Bumper Offer,comedy,2009
Bunny and the Bull,comedy,2009
C Me Dance,thriller,2009
Cairo Time,romance,2009
Calendar,romance,2009
Carriers,horror,2009
Cedar Boys,drama,2009
Chal Chala Chal,comedy,2009
Chandni Chowk to China,"action, comedy",2009
Charlie & Boots,comedy,2009
Chattambinadu (ചട്ടമ്പിനാടു്),"action, thriller, comedy",2009
Chemistry,crime,2009
Cherrybomb,drama,2009
Chintu Ji,comedy,2009
Clubbed,drama,2009
Coffin Rock,thriller,2009
Cold Souls,comedy,2009
Colours,"comedy, family",2009
"Combination, TheThe Combination",drama,2009
Cooking with Stella,drama,2009
Couples Retreat,comedy,2009
Crank: High Voltage,action,2009
Crazy Heart,"drama, musical",2009
Crazy Racer,comedy,2009
Crossing Over,drama,2009
Crows Zero 2,action,2009
Crush,thriller,2009
Daddy Cool,comedy,2009
De Dana Dan',comedy,2009
Decent Parties,drama,2009
Defendor,drama,2009
Delhi-6,"romance, drama",2009
Deli Deli Olma,drama,2009
Dev.D,romance,2009
Dhoondte Reh Jaaoge,comedy,2009
Did You Hear About the Morgans?,comedy,2009
Disgrace,drama,2009
Do Knot Disturb,"comedy, romance",2009
Doghouse,comedy,2009
Dorian Gray,drama,2009
Dr. Patient,comedy,2009
Drag Me to Hell,horror,2009
Dragonball Evolution,"action, fantasy",2009
Duplicity,crime,2009
Echelon Conspiracy,action,2009
Eddelu Manjunatha,comedy,2009
Ee Pattanathil Bhootham (ഈ പട്ടണത്തിൽ ഭൂതം),comedy,2009
Eenadu,drama,2009
Eesa,drama,2009
Ek Daav Dhobhipachhad,comedy,2009
Ek Niranjan,action,2009
Ek Se Bure Do,comedy,2009
Engal Aasan,action,2009
Evaraina Epudaina,romance,2009
Everybody's Fine,drama,2009
Evidam Swargamanu (ഇവിടം സ്വർഗ്ഗമാണു്),drama,2009
Excited,comedy,2009
Extract,comedy,2009
Fame,"drama, musical",2009
Family Demons,horror,2009
Fast & Furious,action,2009
Fighting,action,2009
Fired Up!,"comedy, teen",2009
Fish Tank,drama,2009
Fox,drama,2009
Fragments,drama,2009
G.I. Joe: The Rise of Cobra,"action, adventure",2009
Gabhricha Paus,"comedy, drama",2009
Gallowwalker,"horror, western",2009
Gamer,"action, science fiction",2009
Gandha,drama,2009
Gangajatra,drama,2009
Gentlemen Broncos,comedy,2009
Glorious 39,drama,2009
Goemon,action,2009
Gokula,romance,2009
Goshta Choti Dongraevadhi,drama,2009
Gulumal-The Escape (ഗുലുമാൽ),comedy,2009
Güneşi Gördüm,drama,2009
Güz Sancısı,drama,2009
Hailesa (ഹെയ്‌ലസാ),comedy,2009
Halloween II,horror,2009
Hannah Montana: The Movie,"family, musical",2009
High Security Vacation,comedy,2009
Home of Strangers,action,2009
Hooked on the Game,action,2009
Hotel Chelsea,thriller,2009
Hotel for Dogs,"comedy, family",2009
Humpday,comedy,2009
I Can Do Bad All By Myself,"comedy, drama",2009
I Give My First Love to You,drama,2009
I Hope They Serve Beer in Hell,comedy,2009
I Killed My Mother (J'ai tué ma mère),drama,2009
"I Love You, Beth Cooper","comedy, teen",2009
"I Love You, Man",comedy,2009
I. G.,"action, thriller",2009
I.C.U.,thriller,2009
Imagine That,comedy,2009
In Her Skin,thriller,2009
In the Loop,comedy,2009
Indira Vizha,romance,2009
Invictus,"biography, drama",2009
Iron Cross,thriller,2009
Ivar Vivahitharayal (ഇവർ വിവാഹിതരായാൽ),"romance, comedy",2009
Jackboots on Whitehall,comedy,2009
Jag Jeondeyan De Mele,romance,2009
Jaganmohini,horror,2009
Janky Promoters,comedy,2009
Jayeebhava,drama,2009
Kaana Kanmani (കാണാ കൺമണി),"horror, family",2009
Kadhalna Summa Illai,drama,2009
Kadri'nin Götürdüğü Yere Git,comedy,2009
Kal Kissne Dekha,"romance, drama, social, comedy",2009
Kalavaramaye Madilo,romance,2009
Kambakkht Ishq,"action, comedy, romance",2009
Kaminey,drama,2009
Kancheepurathe Kalyanam (കാഞ്ചീപുരത്തെ കല്യാണം),comedy,2009
Kanchivaram,drama,2009
Kappal Muthalaali (കപ്പല്‌ മുതലാളി),comedy,2009
Karanliktakiler,drama,2009
Kariyaa(re-released),action,2009
Karma Aur Holi,drama,2009
Katha Parayum Theruvoram (കഥ പറയും തെരുവോരം),drama,2009
"Katha, Samvidhanam Kunchakko (കഥ, സംവിധാനം കുഞ്ചാക്കോ)",comedy,2009
Kavya's Diary,thriller,2009
Keralotsavam 2009 (കേരളോത്സവം 2009),drama,2009
Knife Edge,thriller,2009
Konchem Ishtam Konchem Kashtam,drama,2009
Kulir 100°,drama,2009
Kunguma Poovum Konjum Puravum,romance,2009
Kurbaan,"thriller, romance",2009
Kurradu,romance,2009
Laid to Rest,horror,2009
Land of the Lost,adventure,2009
Law Abiding Citizen,thriller,2009
Lesbian Vampire Killers,comedy,2009
"Leslie, My Name Is Evil",drama,2009
Let's Dance,romance,2009
Life Partner,"comedy, romance",2009
Little Zizou,comedy,2009
London Dreams,"musical, social, drama, romance",2009
London River,drama,2009
Look for a Star,romance,2009
Lost Song,drama,2009
Loudspeaker,comedy,2009
Love Aaj Kal,romance,2009
Love Guru,romance,2009
Love Happens,romance,2009
Love Khichdi,comedy,2009
Love N' Dancing,"dance, romance",2009
Luck by Chance,drama,2009
Lucky Country,drama,2009
Lymelife,drama,2009
Maasilamani,action,2009
Madea Goes to Jail,"comedy, drama",2009
Madhya Venal (മദ്ധ്യവേനൽ),drama,2009
Madurai Sambavam,action,2009
Main Aurr Mrs Khanna,"drama, romance",2009
Makante Achan (മകന്റെ അച്ഛൻ),"comedy, drama",2009
Malai Malai,action,2009
Malayali (മലയാളി),drama,2009
Maleyali Jotheyali,romance,2009
Management,comedy,2009
Manasaare,romance,2009
Manorama,thriller,2009
Mariyadhai,action,2009
Maska,romance,2009
Mathiya Chennai,action,2009
Me and Orson Welles,"biography, drama",2009
Mi Shivajiraje Bhosale Boltoy,"fantasy,drama,comedy",2009
Miss March,comedy,2009
Modhi Vilayadu,action,2009
Mommo,drama,2009
Moonar,thriller,2009
Mooru Guttu Ondu Sullu Ondu Nija,comedy,2009
Moss & Cat,"comedy, romance",2009
Motherhood,comedy,2009
My Big Father,comedy,2009
My Bloody Valentine 3D,horror,2009
My Last Five Girlfriends,comedy,2009
My One and Only,comedy,2009
My Sister's Keeper,drama,2009
Nammal Thammil (നമ്മൾ തമ്മിൽ),"comedy, romance",2009
Nativity!,comedy,2009
Neelathaamara (നീലത്താമര),drama,2009
Nefes: Vatan Sağolsun,drama,2009
New York,"action thriller, romance",2009
Newsmakers,"action, thriller",2009
Newtonin Moondram Vidhi,action,2009
Next Day Air,"comedy, crime",2009
Night at the Museum: Battle of the Smithsonian,"adventure, family",2009
Nine,musical,2009
Ninja Assassin,"action, martial arts",2009
Ninnu Kalisaka,romance,2009
Not Easily Broken,drama,2009
Not Forgotten,thriller,2009
Nowhere Boy,drama,2009
Obsessed,thriller,2009
Odipolama,romance,2009
Offside,romance,2009
Old Dogs,"comedy, family",2009
Opie Gets Laid,comedy,2009
Orkkuka Vallappozhum (ഓർക്കുക വല്ലപ്പോഴും),drama,2009
Orphan,horror,2009
Oru Pennum Randaanum (ഒരു പെണ്ണും രണ്ടാണും),drama,2009
Oy!,drama,2009
Paa,"drama, family",2009
Paleri Manikyam: Oru Pathira Kolapathakathinte Katha (പാലേരിമാണിക്യം ഒരു പാതിരാക്കൊലപാതകത്തിന്റെ കഥ),thriller,2009
Pandora'nın Kutusu,drama,2009
Pandorum,"horror, science fiction",2009
Parayan Marannathu (പറയാൻ മറന്നതു്),drama,2009
Passenger,"suspense, thriller",2009
Patham Nilayile Theevandi (പത്താം നിലയിലെ തീവണ്ടി),drama,2009
Pattalam,drama,2009
Paul Blart: Mall Cop,comedy,2009
Paying Guests,comedy,2009
Pazhassi Raja (പഴശ്ശിരാജാ),action,2009
Permanent Residence,drama,2009
Perumal,action,2009
Phir Kabhi,drama,2009
Poker King,thriller,2009
Polytechnique,drama,2009
Pravarakhyudu,romance,2009
Prayanam,romance,2009
Precious,drama,2009
Prey,horror,2009
Puthiya Mukham (പുതിയ മുഖം),"action, thriller",2009
Quick Gun Murugun,comedy,2009
Raam,romance,2009
Raat Gayi Baat Gayi?,drama,2009
Raaz – The Mystery Continues,horror,2009
Radio,musical,2009
Rahasya Police (രഹസ്യപ്പോലീസ്‌),"action, thriller",2009
Recep İvedik 2,comedy,2009
Red Chillies,"crime, thriller",2009
Ritu (ഋതു),drama,2009
Rocket Singh: Salesman of the Year,comedy,2009
Sagar alias Jacky Reloaded,"action, thriller",2009
Saikin-rettou,comedy,2009
Samaantar,drama,2009
Samastha Keralam PO (സമസ്ത കേരളം പി. ഓ),"comedy, family",2009
Samson and Delilah,drama,2009
Sankham,action,2009
Sasirekha Parinayam,romance,2009
Satrumun Kidaitha Thagaval,thriller,2009
Savaari,drama,2009
Saw VI,horror,2009
Seetha Kalyanam (സീതാ കല്യാണം),romance,2009
Shortkut,comedy,2009
Shorts,"comedy, family",2009
Shrink,drama,2009
Sirithal Rasipen,comedy,2009
Snow Prince,drama,2009
Sobar Upore Tumi,"drama, romance",2009
Solla Solla Inikkum,romance,2009
Sorority Row,horror,2009
Spread,comedy,2009
St. Trinian's II: The Legend of Fritton's Gold,comedy,2009
Star Trek,"action, science fiction",2009
Stone Bros.,comedy,2009
Street Fighter: The Legend of Chun-Li,"action, crime",2009
Subdivision,comedy,2009
Surrogates,"action, science fiction",2009
TN 07 AL 4777,thriller,2009
Taking Woodstock,"comedy, musical",2009
Tale in the Darkness,drama,2009
Telstar,drama,2009
Tennessee,drama,2009
Tenshi no Koi,romance,2009
Teree Sang,drama,2009
The Blind Side,drama,2009
The Boondock Saints II: All Saints Day,action,2009
The Boys Are Back,drama,2009
The Brothers Bloom,"comedy, crime",2009
The Chaos Experiment,drama,2009
The Damned United,drama,2009
The Final Destination,horror,2009
"The Goods: Live Hard, Sell Hard",comedy,2009
The Hangover,comedy,2009
The Haunting in Connecticut,horror,2009
The Hole,"fantasy, thriller",2009
The Imaginarium of Doctor Parnassus,"adventure, comedy",2009
The Informers,drama,2009
The International,"action, thriller",2009
The Invention of Lying,"comedy, science fiction",2009
The Lightkeepers,comedy,2009
The Lovely Bones,drama,2009
The Maiden Heist,"comedy, crime",2009
The Men Who Stare at Goats,comedy,2009
The Messenger,drama,2009
The Pink Panther 2,comedy,2009
The Priest,drama,2009
The Private Lives of Pippa Lee,drama,2009
The Road,"drama, science fiction",2009
The Slammin' Salmon,comedy,2009
The Soloist,"bio-pic, drama",2009
The Stoneman Murders,"crime, drama, mystery",2009
The Taking of Pelham 123,"action, crime",2009
The Unborn,horror,2009
The Vampires of Bloody Island,comedy,2009
The Wild Hunt,drama,2009
The Young Victoria,"drama, romance",2009
Thoranai,action,2009
"Three – Love, Lies and Betrayal",thriller,2009
Tomboys,horror,2009
Trailer Park Boys: Countdown to Liquor Day,comedy,2009
Triangle,horror,2009
Trick 'r Treat,horror,2009
Tum Mile,romance,2009
Underworld: Rise of the Lycans,horror,2009
Utharaswayamvaram (ഉത്തരാസ്വയംവരം),"romance, comedy",2009
Vaada Raha,romance,2009
Vairam: Fight For Justice (വൈരം),drama,2009
Vampire Girl vs. Frankenstein Girl,horror,2009
Van Diemen's Land,thriller,2009
Vedigundu Murugesan,drama,2009
Veera Madakari,action,2009
Vellathooval (വെള്ളത്തൂവൽ),romance,2009
Venkata in Sankata,comedy,2009
Vilapangalkappuram (വിലാപങ്ങൾക്കപ്പുറം),drama,2009
Villagelo Vinayakudu,comedy,2009
Wah Do Dem,comedy,2009
Walled In,"horror, thriller",2009
Whatever Works,"comedy, romance",2009
Whiteout,thriller,2009
Winter,horror,2009
Written By,drama,2009
Yatterman,action,2009
Year One,"adventure, comedy",2009
Yogi,action,2009
127 Hours,"biography, drama",2010
3 Char Sau Beas ( 3 ചാർ സൗ ബീസ് ),comedy,2010
332 Mumbai To India,thriller,2010
4.3.2.1,drama,2010
7 Days (Les 7 jours du Talion),thriller,2010
A Flat,thriller,2010
A Life Begins,drama,2010
A Little Help,comedy,2010
A Shine of Rainbows,drama,2010
A Step into the Darkness,drama,2010
Aagathan ( ആഗതൻ),"romance, thriller",2010
Aaghaat,drama,2010
Aashayein,drama,2010
Abohoman,drama,2010
Action Replayy,comedy,2010
Ada... A Way of Life,drama,2010
Ada: Zombilerin Düğünü,horror,2010
Adhurs,"comedy, action",2010
Adventure of the King,comedy,2010
Adventures of Power,comedy,2010
Advocate Lakshmanan - Ladies Only ( അഡ്വക്കേറ്റ്‌ ലക്ഷ്മണൻ - ലേഡീസ്‌ ഒൺലി ),comedy,2010
Again Kasargod Khader Bhai,comedy,2010
Aisha,romance,2010
"All's Well, Ends Well 2010",comedy,2010
Allah Ke Banday,thriller,2010
Alpha and Omega,"animated, comedy, drama, family",2010
Altitude,horror,2010
Amanush,romance,2010
Ang Tanging Ina Mo (Last na 'To!),comedy,2010
Anjaana Anjaani,romance,2010
Annarakannanum Thannalayathu ( അണ്ണാറക്കണ്ണനും തന്നാലായതു്),"romance, drama",2010
Another Year,drama,2010
Antardwand,crime,2010
Anwar ( അന്‍വര്‍ ),action,2010
Apartment,thriller,2010
Apoorvaragam ( അപൂർവരാഗം ),"romance, thriller",2010
Aptharakshaka,"horror, drama",2010
Arekti Premer Golpo,romance,2010
Atithi Tum Kab Jaoge?,comedy,2010
Autograph (2010 film),drama,2010
Avan ( അവൻ ),"action, musical",2010
Ay Lav Yu,comedy,2010
"Babe, I Love You",romance,2010
Barry Munday,comedy,2010
Basement,horror,2010
Beneath Hill 60,drama,2010
Best Actor,"comedy, family",2010
Betting Bangarraju,comedy,2010
Big Money Rustlas,"comedy, western",2010
Black Dogs Barking,drama,2010
Black Stallion,action,2010
Blame,"drama, thriller",2010
Bolo Na Tumi Aamar,romance,2010
Brahmasthram ( ബ്രഹ്മാസ്ത്രം ),action,2010
Bran Nue Dae,"comedy, musical",2010
Break Ke Baad,romance,2010
Buddha Mountain,romance,2010
Buried,thriller,2010
Burke and Hare,comedy,2010
Burlesque,musical,2010
Canvas,drama,2010
Case 39,"horror, mystery",2010
Casino Jack,"political drama, thriller",2010
Cell 213,drama,2010
Cemetery Junction,comedy,2010
Centurion,drama,2010
Chal Dhar Pakad,comedy,2010
Chance Pe Dance,"comedy, romance",2010
Chase,action,2010
Chatroom,thriller,2010
Chaverpada (ചാവേർപ്പട),action,2010
Chekavar ( ചേകവർ ),"action, family",2010
Cheriya Kallanum Valiya Policum ( ചെറിയ കള്ളനും വലിയ പോലീസും ),comedy,2010
Cinco,horror,2010
College Days,"campus, romance",2010
Confessions,thriller,2010
Conviction,"biography, drama",2010
Cop Out,"buddy cop, comedy",2010
Coriolanus,drama,2010
Country Strong,"dramedy, musical",2010
Crazy Kutumba,comedy,2010
Crossing Hennessy,romance,2010
Cyrus,comedy,2010
Dabangg,action,2010
Dalaw,"horror, suspense",2010
Dark World,horror,2010
Darkening Sky,thriller,2010
Daybreakers,horror,2010
Daydream Nation,drama,2010
Deadly-2,action,2010
Dersimiz: Atatürk,drama,2010
Devil,"horror, thriller",2010
Devil's Playground,horror,2010
Diary of a Wimpy Kid,"comedy, family",2010
Dinner for Schmucks,comedy,2010
Dirty Girl,drama,2010
Do Dooni Chaar,comedy,2010
Dog Pound,"drama, thriller",2010
Dragon Trap,thriller,2010
Driverless,romance,2010
Drona 2010,thriller,2010
Dubshatar,drama,2010
Due Date,"comedy, road",2010
Dui Prithibi (2010 film),romance,2010
Durbeen,drama,2010
Easy A,"comedy, teen",2010
Echoes of the Rainbow,drama,2010
Ek Second... Jo Zindagi Badal De?,thriller,2010
Ek Tukro Chand,drama,2010
Ekti Tarar Khonje,drama,2010
Eno Onthara,romance,2010
Evolusi KL Drift 2,action,2010
Extraordinary Measures,drama,2010
Eyvah Eyvah,comedy,2010
Eşrefpaşalılar,drama,2010
"Faith, Fraud & Minimum Wage",drama,2010
Five Minarets in New York,action,2010
For Colored Girls,drama,2010
Four Friends,drama,2010
Frankie and Alice,drama,2010
From Paris with Love,action,2010
Frozen,horror,2010
Furry Vengeance,"comedy, family",2010
Game of Death,action,2010
Gandedhe,action,2010
Gandu (film),drama,2010
Get Him to the Greek,comedy,2010
Get Low,drama,2010
Ghar Sansar,drama,2010
Girl$,drama,2010
Gohine Shobdo,"drama, romance",2010
Golmaal 3,comedy,2010
Good Neighbours,drama,2010
Gorosthane Sabdhan,thriller,2010
Gothic & Lolita Psycho,action,2010
GravyTrain,comedy,2010
Green Zone,"action, spy film",2010
Greenberg,comedy,2010
Grown Up Movie Star,drama,2010
Grown Ups,comedy,2010
Gunless,"western, comedy",2010
Guzaarish,romance,2010
Haapus,drama,2010
Hanamizuki,romance,2010
Hating Kapatid,"drama, comedy",2010
Hayde Bre,drama,2010
Haze,drama,2010
Heartbeats (Les Amours imaginaires),drama,2010
Heaven's Story,drama,2010
Hello Darling,comedy,2010
Help,horror,2010
Here Comes Fortune,comedy,2010
Here Comes the Bride,"comedy, adult comedy",2010
Hereafter,drama,2010
Higanjima: Escape from Vampire Island,horror,2010
Holidays,romance,2010
Holy Rollers,drama,2010
Hot Tub Time Machine,"comedy, science fiction",2010
Housefull,comedy,2010
How Are You?,drama,2010
How I Ended This Summer,drama,2010
Hum Tum Aur Ghost,comedy,2010
Hurricane Season,"drama, sports",2010
Hyenas,horror,2010
I Do (2010 film),drama,2010
I Hate Luv Storys,romance,2010
I'll Be There,drama,2010
Ijjodu,drama,2010
Ik Kudi Punjab Di,"romance, drama",2010
In Ghost House Inn,"horror, comedy",2010
In Your Eyes,"romance, drama",2010
Inganeyum Oral ( ഇങ്ങനെയും ഒരാൾ ),"family, romance",2010
Into the White Night,crime,2010
Ishqiya,"comedy, crime, romance",2010
Isi Life Mein,drama,2010
It's a Wonderful Afterlife,comedy,2010
Jackal,drama,2010
Jackass 3-D,comedy,2010
Jackie,action,2010
Janakan ( ജനകൻ),"suspense, thriller",2010
Jhootha Hi Sahi,romance,2010
Joffa: The Movie,comedy,2010
Jonah Hex,"superhero, western",2010
Josh (2010 film),romance,2010
Just Another Pandora's Box,comedy,2010
Just Math Mathalli,romance,2010
Kaalo,horror,2010
Kadaksham ( കടാക്ഷം ),"drama, action",2010
Kadha Thudarunnu ( കഥ തുടരുന്നു ),drama,2010
Kajraare,romance,2010
Kanasemba Kudureyaneri,drama,2010
Kandahar ( കാണ്ഡഹാർ ),thriller,2010
Kanmazha Peyyum Munpe ( കന്മഴ പെയ്യും മുമ്പേ ),romance,2010
Kanyakumari Express,action,2010
Karayilekku Oru Kadal Dooram ( കരയിലേക്ക്‌ ഒരു കടൽ ദൂരം ),drama,2010
Karthik Calling Karthik,thriller,2010
Kausthubham ( കൗസ്തുഭം ),drama,2010
Keno Mon Take Chay,romance,2010
Khichdi: The Movie,comedy,2010
Khoj: The Search,action,2010
Khuda Kasam,action,2010
Kichha Huchha,action,2010
Kimi ni Todoke,"romance, drama",2010
Knock Out,action,2010
Knucklehead,comedy,2010
Koottukar ( കൂട്ടുകാർ ),"youth, romance",2010
Krishna Nee Late Aagi Baaro,comedy,2010
Kutty Srank ( കുട്ടിസ്രാങ്കു് ),drama,2010
Kyōfu,horror,2010
La Derniere fugue,drama,2010
Lafangey Parindey,romance,2010
Lajja,drama,2010
Lalbaug Parel,drama,2010
Legendary,drama,2010
Let Me In,horror,2010
Let the Bullets Fly,comedy,2010
Letters to God,drama,2010
Life Express,"family, drama",2010
Like Dandelion Dust,drama,2010
Little Fockers,comedy,2010
London Boulevard,crime,2010
Lottery Ticket,comedy,2010
Lou,drama,2010
Love & Loathing & Lulu & Ayano,drama,2010
Love Circus,romance,2010
Lukochuri,comedy,2010
Made in Dagenham,drama,2010
Mahanagar@Kolkata,drama,2010
Malarvaadi Arts Club ( മലർവാടി ആർട്ട്സ്‌ ക്ലബ്ബ്‌ ),"musical, comedy",2010
Mallika,horror,2010
Mar Jawan Gur Khake,comedy,2010
Megamind,"comedy, superhero",2010
Men on the Bridge,drama,2010
Middle Men,"comedy-drama, crime",2010
Milenge Milenge,romance,2010
Minugu[1],romance,2010
Mirch,drama,2010
Mirrors 2,horror,2010
Miss You Like Crazy,romance,2010
Mittal v/s Mittal,romance,2010
Mitti,action,2010
Modala Sala,romance,2010
Moner Manush,drama,2010
Moner Manush (film),drama,2010
Monsters,"science fiction, drama",2010
Mother and Child,drama,2010
Mr. Singh / Mrs. Mehta,drama,2010
Mukhaputa,drama,2010
Mumbai-Pune-Mumbai,romance,2010
My Name Is Khan,drama,2010
My Soul to Take,horror,2010
Na Ghar Ke Na Ghaat Ke,comedy,2010
Nakshatra,romance,2010
Nallavan ( നല്ലവൻ ),"action, romance",2010
Namo Venkatesa,comedy,2010
Nannavanu,romance,2010
Natarang,musical,2010
Nayakan ( നായകൻ ),action,2010
Neds,drama,2010
Neelambari ( നീലാംബരി ),drama,2010
Night Catches Us,drama,2010
Nilavu (നിലാവ്),romance,2010
No Problem,comedy,2010
Nooru Janmaku,romance,2010
Norwegian Wood,drama,2010
Noy,"documentary, drama",2010
Ocean Heaven,drama,2010
Once Upon a Time in Mumbaai,"action, romance, thriller, crime",2010
One Day in the Future,comedy,2010
Oranges and Sunshine,drama,2010
Oridathoru Postman ( ഒരിടത്തൊരു പോസ്റ്റ്മാൻ ),drama,2010
Oru Naal Varum ( ഒരു നാൾ വരും ),"suspense, comedy",2010
Other Angels,drama,2010
Our Family Wedding,comedy,2010
Our Russia. The Balls of Fate,comedy,2010
Paattinte Palazhy ( പാട്ടിന്റെ പാലാഴി ),"musical, romance",2010
Pancharangi,romance,2010
Pappy Appacha ( പാപ്പി അപ്പച്ചാ ),"action, comedy",2010
Paranormal Activity 2,horror,2010
Paranormal Activity: Tokyo Night,horror,2010
Passion Play,drama,2010
Patham Adhyayam ( പത്താമദ്ധ്യായം ),romance,2010
Peepli Live,"political, comedy",2010
Penpattanam ( പെൺപട്ടണം ),"family, thriller",2010
Percy Jackson & the Olympians: The Lightning Thief,"adventure, family",2010
Phoonk 2,horror,2010
Pimp,thriller,2010
Piranha 3-D,horror,2010
Pokkiri Raja ( പോക്കിരിരാജ ),"action, comedy",2010
Police Police,action,2010
Poran Jai Jaliya Re,romance,2010
Pramani ( പ്രമാണി ),drama,2010
Prasthanam,action,2010
Preacher's Kid,drama,2010
Prem Kaa Game,comedy,2010
Premism,romance,2010
Pulliman ( പുള്ളിമാൻ ),"romance, drama",2010
Punyam Aham ( പുണ്യം അഹം ),romance,2010
Rabbit Hole,drama,2010
Railways,drama,2010
Ramona and Beezus,"comedy, family",2010
Rann,drama,2010
Recep İvedik 3,comedy,2010
Red Hill,"thriller, western",2010
Repeaters,drama,2010
Right Yaaa Wrong,action,2010
Ringtone,"action, thriller",2010
Road Train,horror,2010
Road to Sangam,drama,2010
"Road, Movie",drama,2010
Rokkk,thriller,2010
Romantik Komedi,comedy,2010
Rosario (2010 film),"drama, epic",2010
Route Irish,drama,2010
Runway,drama,2010
Sa 'Yo Lamang,drama,2010
Sadiyaan,romance,2010
Sahasram ( സഹസ്രം ),thriller,2010
Saint John of Las Vegas,comedy,2010
Sakudumbam Shyamala ( സകുടുംബം ശ്യാമള ),"family, comedy",2010
Saw VII,horror,2010
Scott Pilgrim vs. the World,"action, romantic comedy",2010
Secret of the Sultan,action,2010
Secretariat,"bio-pic, drama",2010
Seeta Ramula Kalyanam Lankalo,action,2010
Selvi Boylum Al Yazmalım,drama,2010
Senior Mandrake,comedy,2010
Shaapit,horror,2010
"Shahrukh Bola ""Khoobsurat Hai Tu""",thriller,2010
"Shake, Rattle & Roll XII",horror,2010
Shambo Shiva Shambo,drama,2010
Shame,drama,2010
Shank,thriller,2010
Shankar IPS,action,2010
Shikkar ( ശിക്കാർ ),"suspense, thriller",2010
Shourya,action,2010
Shukno Lanka,drama,2010
Shutter Island,"crime thriller, drama",2010
Silent Souls,drama,2010
Simha,action,2010
Skyline,"sci-fi, thriller",2010
Small Town Saturday Night,drama,2010
Sri Harikathe,romance,2010
Step Up 3D,"dance, drama, romance",2010
Stone,thriller,2010
Striker,action,2010
Sufi Paranja Katha (സൂഫി പറഞ്ഞ കഥ ),"romance, drama",2010
Suryakaanti,romance,2010
T D Dasan Std VI B,drama,2010
Takers,"action, crime drama",2010
Tamara Drewe,comedy,2010
Teen Patti,"drama, thriller",2010
Tere Bin Laden,comedy,2010
Thanks Maa,drama,2010
Thanthonni ( താന്തോന്നി ),"action, drama",2010
Thathwamasi ( തത്ത്വമസി ),drama,2010
The A-Team,"action, adventure",2010
The American,"drama, thriller",2010
The Bang Bang Club,drama,2010
The Book of Eli,"action, thriller",2010
The Child's Eye,horror,2010
The Clinic,thriller,2010
The Company Men,drama,2010
The Disappearance of Alice Creed,drama,2010
The Expendables,action,2010
The Extra Man,comedy,2010
The Film Emotional Atyachar,drama,2010
The Greatest,drama,2010
The High Cost of Living,drama,2010
The Infidel,comedy,2010
The Japanese Wife,romance,2010
The Kids Are All Right,comedy,2010
The Last Exorcism,horror,2010
The Last Song,"dramedy, romance",2010
The Next Three Days,thriller,2010
The Perfect Game,drama,2010
The Phobos,horror,2010
The Runaways,"biography, drama",2010
The Social Network,drama,2010
The Sorcerer's Apprentice,"adventure, comedy, fantasy",2010
The Thriller,thriller,2010
The Tourist,"dramedy, thriller",2010
The Voice,horror,2010
The Whistleblower,drama,2010
The Wolfman,horror,2010
Then She Was Gone,"comedy, drama",2010
Thoovalkattu ( തൂവൽക്കാറ്റു്),drama,2010
Till My Heartaches End,"romance, drama",2010
Tracker,action,2010
Twelve,drama,2010
Udaan,drama,2010
Ullasa Utsaha,romance,2010
Under the Hawthorn Tree,romance,2010
Valiyangadi ( വലിയങ്ങാടി),action,2010
Varudu,"action, romance",2010
Vedam,"drama, romance, action",2010
Virsa,romance,2010
Wall Street: Money Never Sleeps,drama,2010
Wanted (2010 film),drama,2010
We Are Family,"drama, romance",2010
Welcome to the Rileys,drama,2010
What Men Talk About,comedy,2010
What's Wrong with Virginia,drama,2010
Wild Target,comedy,2010
Winter's Bone,"drama, suspense thriller",2010
Wog Boy 2: The Kings of Mykonos,comedy,2010
Womb Ghosts,horror,2010
Wonderful World,"comedy-drama, romance",2010
Wrecked,drama,2010
Yahşi Batı,comedy,2010
Yakshiyum Njanum ( യക്ഷിയും ഞാനും ),"horror, romance",2010
Ye Maaya Chesave,romance,2010
Year of the Carnivore,drama,2010
Yolki,"comedy, drama",2010
You Again,comedy,2010
Çok Berbat Hareketler Bunlar,comedy,2010
"1,778 Stories of Me and My Wife",drama,2011
30 Minutes or Less,"adventure, comedy",2011
33 Postcards,drama,2011
7th Sense,"sci-fi, action",2011
A Better Life,drama,2011
A Bottle in the Gaza Sea,drama,2011
A Few Best Men,comedy,2011
A Good Old Fashioned Orgy,comedy,2011
A Simple Life,drama,2011
A Very Harold & Kumar 3D Christmas,comedy,2011
Aadukalam,drama,2011
Aami Adu,drama,2011
Aashiqui.in,romance,2011
Aayiram Vilakku,drama,2011
Achan (അച്ഛൻ),drama,2011
Adaminte Makan Abu (ആദാമിന്റെ മകൻ അബു),drama,2011
Aidondla Aidu,drama,2011
Ala Modalaindi,romance,2011
Amar Bondhu Rashed,"war, drama",2011
Amigo,drama,2011
Anagananga Oka Dheerudu,"fantasy, action",2011
Anthima Theerpu,action,2011
Apollo 18,"horror, science fiction",2011
Arabeem Ottakom P. Madhavan Nayarum in Oru Marubhoomikkadha (അറബീം ഒട്ടകോം പി. മാധവൻ നായരും ഇൻ ഒരു മരുഭൂമിക്കഥ),"comedy, romance",2011
Ashamed,drama,2011
Athe Mazha Athe Veyil (അതേ മഴ അതേ വെയിൽ),drama,2011
Atlas Shrugged: Part I,"drama, political thriller",2011
Bad Teacher,comedy,2011
Badhrinaadh,"action, drama",2011
Baishe Srabon,thriller,2011
Bangkok Summer,romance,2011
Battle: Los Angeles,"action, science fiction",2011
Bejawada,action,2011
Bhakthajanangalude Sradhakku (ഭക്തജനങ്ങളുടെ ശ്രദ്ധയ്ക്ക്),"satire, drama",2011
Bhavani IPS,action,2011
Bheja Fry 2,comedy,2011
"Big Mommas: Like Father, Like Son","comedy, crime",2011
Bin Bulaye Baraati,crime,2011
Bleak Night,drama,2011
Blind,thriller,2011
Bombay March 12,"historical, thriller, drama",2011
Brothel Lights,drama,2011
Bubble Gum,drama,2011
Bucky Larson: Born to Be a Star,comedy,2011
Bulong,"horror, comedy",2011
Bye Bye Bangkok,comedy,2011
Café de Flore,drama,2011
"Cat, The !The Cat",horror,2011
Catch Me... I'm in Love,"romance, drama",2011
Cedar Rapids,comedy,2011
Chaappa Kurish (ചാപ്പാ കുരിശു്),thriller,2011
Chalo Paltai,drama,2011
Champ,drama,2011
Chattam,action,2011
Chatur Singh Two Star,comedy,2011
Children,thriller,2011
Chungakkarum Veshyakalum (ചുങ്കക്കാരും വേശ്യകളും),drama,2011
City of God,"crime, thriller",2011
"Client, The !The Client",thriller,2011
Cloudburst,drama,2011
Collaborator,drama,2011
Collector,action,2011
Colombiana,action,2011
"Come Rain, Come Shine",drama,2011
Cool...Sakkath Hot Maga,romance,2011
"Crazy, Stupid, Love.",comedy,2011
"Crucible, The !The Crucible",drama,2011
Daggaraga Dooranga,romance,2011
Damadamm!,comedy,2011
Dandam Dashagunam,action,2011
"Day He Arrives, The !The Day He Arrives",drama,2011
Deiva Thirumagal,drama,2011
Deool,drama,2011
Desi Boyz,comedy,2011
Dhada,action,2011
Dhobi Ghat,drama,2011
Dhool,action,2011
Diary of a Wimpy Kid: Rodrick Rules,"comedy, family",2011
Dil Toh Baccha Hai Ji,comedy,2011
Doctor Love,"romance, comedy",2011
Dolphin Tale,"drama, family",2011
Don 2,action,2011
Don't Go Breaking My Heart,romance,2011
Donovan's Echo,"thriller, drama",2011
Dookudu,"action, comedy, romance",2011
Double Dhamaal,comedy,2011
Doubles,"drama, comedy",2011
Down the Road Again,drama,2011
Dream House,horror,2011
Dum Maaro Dum,thriller,2011
Dylan Dog: Dead of Night,"action, horror comedy",2011
Ee Sanje,romance,2011
Egaro,drama,2011
Elena,drama,2011
Engeyum Kadhal,romance,2011
Erra Gulabilu,thriller,2011
Eththan,action,2011
Extremely Loud and Incredibly Close,drama,2011
Eyyvah Eyvah 2,comedy,2011
Face to Face,drama,2011
Faust,drama,2011
Fighter,drama,2011
Final Destination 5,"supernatural horror, thriller",2011
Free Man,drama,2011
From Prada to Nada,"drama, romantic comedy",2011
Funkytown,drama,2011
GLove,drama,2011
Gaganam,drama,2011
Genji Monogatari: Sennen no Nazo,drama,2011
Golconda High School,drama,2011
Gomen-nasai,horror,2011
Graduate,romance,2011
Gun,action,2011
Hall Pass,comedy,2011
Hanji,drama,2011
Happy Husbands,comedy,2011
Haunted – 3D,horror,2011
Heavenly Court,"drama, fantasy",2011
Hesher,drama,2011
Hidden 3D,horror,2011
Higher Ground,drama,2011
Hudugaru,drama,2011
Hugo,"adventure, drama",2011
I Am Kalam,drama,2011
I Am a Dad,action,2011
I Melt with You,thriller,2011
I'm Yours,drama,2011
Icche,drama,2011
In Darkness,drama,2011
In Time,"science fiction, thriller",2011
In the Name of Love,"drama, romance",2011
Inadequate people,comedy,2011
Indian Rupee,"satire, drama",2011
Innanu Aa Kalyanam (ഇന്നാണു് ആ കല്യാണം),"romance, comedy",2011
Insidious,horror,2011
Iti Mrinalini,drama,2011
J. Edgar,"biopic, drama",2011
Jaani Dyakha Hawbe,romance,2011
Jack and Jill,comedy,2011
Jai Bolo Telangana,action,2011
Janala,drama,2011
Janapriyan (ജനപ്രിയൻ),"romance, comedy",2011
Jarasandha,"action, drama",2011
Johny Mera Naam Preethi Mera Kaam,romance,2011
"Journals of Musan, The !The Journals of Musan",drama,2011
Journey,"romance, thriller",2011
KL Gangster,action,2011
Kadhayile Nayika (കഥയിലെ നായിക),"romance, comedy",2011
Kal Manja,comedy,2011
Kalgejje,drama,2011
Kamisama no Karute,drama,2011
Kanteerava,action,2011
Karate Girl,action,2011
Karungali,drama,2011
Katha Screenplay Darshakatvam Appalaraju,comedy,2011
Kayam (കയം),"drama, erotic",2011
Kempegowda,action,2011
Keyhole,drama,2011
Khaddama (ഗദ്ദാമ),drama,2011
Killadi Raman (കില്ലാടി രാമൻ),"comedy, drama",2011
Killer Elite,action,2011
Ko,thriller,2011
Koratty Pattanam Railway Gate (കൊരട്ടി പട്ടണം റെയിൽവേ ഗേറ്റ്),drama,2011
Kote,action,2011
Kottarathil Kuttibhootham (കൊട്ടാരത്തിൽ കുട്ടിഭൂതം),"comedy, fantasy",2011
Krishnanum Radhayum (കൃഷ്ണനും രാധയും),"family, drama",2011
Kshetram,action,2011
Kudirithe Cup Coffee,romance,2011
Kusum Kusum Prem,romance,2011
Ladies vs Ricky Bahl,comedy,2011
Lankeshwari,horror,2011
Late Blossom,drama,2011
Lifeu Ishtene,"love, drama",2011
"Ligo na Ü, Lapit na Me","comedy, drama",2011
Like Crazy,drama,2011
Limitless,thriller,2011
Living Together,romance,2011
Love Actually... Sucks!,drama,2011
Love Likes Coincidences,drama,2011
Lucky Jokers,comedy,2011
Machine Gun Preacher,"action, biopic",2011
Mad Bastards,drama,2011
Madatha Kaja,"comedy, romance",2011
Maduve Mane,romance,2011
Makaramanju (മകരമഞ്ഞു്),"epic, biographical, romance, drama",2011
Mala Aai Vhhaychy!,drama,2011
Mallikarjuna,drama,2011
Mambattiyan,action,2011
Manasina Maathu,romance,2011
Manikya Kallu (മാണിക്യക്കല്ല്),drama,2011
Mankatha,"action, thriller",2011
Margaret,drama,2011
Margin Call,drama,2011
Marrying the Mafia IV,comedy,2011
Martha Marcy May Marlene,thriller,2011
Melvilasom (മേൽവിലാസം),"patriotism, drama",2011
Memories in March,drama,2011
Mirapakaya,romance,2011
Mission: Impossible – Ghost Protocol,"action, spy film",2011
Mogudu,romance,2011
Mohabbath,"musical, romance",2011
Mon Bole Priya Priya,romance,2011
"Money Money, More Money",comedy,2011
Moneyball,"drama, sports",2011
Monica,drama,2011
Monsieur Lazhar,drama,2011
Mouna Guru,action,2011
Mr. Perfect,action,2011
Murali Meets Meera,romance,2011
Muran,thriller,2011
My Black Mini Dress,drama,2011
Naa Peru Shiva,"drama, thriller",2011
Naayika (നായിക),drama,2011
Nadakame Ulakam (നാടകമേ ഉലകം),comedy,2011
Nagaram Nidrapotunna Vela,thriller,2011
Nakharam (നഖരം),drama,2011
Nanjupuram,"thriller, fantasy",2011
Nanna,drama,2011
Naughty @ 40,comedy,2011
Nee Illadhe,romance,2011
Nenu Naa Rakshasi,romance,2011
Night Fishing,drama,2011
Ninnishtam Ennishtam 2 (നിന്നിഷ്ടം എന്നിഷ്ടം 2),romance,2011
Note Out,"comedy, romance",2011
Nuit #1,drama,2011
Nur Kasih The Movie,drama,2011
Nuvvekaddunte Nenakkadunta,romance,2011
Nuvvila,romance,2011
Oh My Friend,romance,2011
Olave Mandhara,romance,2011
Once Upon a Time in Anatolia,drama,2011
Once in a Blue Moon,comedy,2011
Oosaravelli,"action, romance",2011
Orma Mathram (ഓർമ്മ മാത്രം),"thriller, drama",2011
Pachuvum Kovalanum (പാച്ചുവും കോവാലനും),comedy,2011
Panjaa,"action, romance",2011
Paradise Kiss,drama,2011
Parama Veera Chakra,action,2011
Paramathma,romance,2011
Patisserie Coin de rue,drama,2011
Payanam,"thriller, drama",2011
Payyans (പയ്യൻസ്‌),"family, drama",2011
Phhir,thriller,2011
Pilla Zamindar,"drama, romance",2011
Pillaiyar Theru Kadaisi Veedu,"romance, action",2011
Poongsan,drama,2011
Prema Kavali,romance,2011
Press,drama,2011
Priest,horror,2011
Puli Vesham,drama,2011
Puli Veta,action,2011
Punished,thriller,2011
Puttakkana Highway,drama,2011
Quick,action,2011
Raaj,action,2011
Raghuvinte Swantham Raziya (രഘുവിന്റെ സ്വന്തം റസിയ),"romance, drama",2011
Rajanna,"action, drama",2011
Rang Milanti,romance,2011
Rangam,action,2011
Rangappa Hogbitna,comedy,2011
Rango,"animated, family, western",2011
Rathinirvedam (രതിനിർവ്വേദം),romance,2011
Re-encounter,drama,2011
Ready,comedy,2011
Red Dog,"family, adventure",2011
Red Riding Hood,"fantasy romance, horror",2011
Red State,horror,2011
Restless,drama,2011
Romantic Heaven,drama,2011
Romeo,romance,2011
Rowthiram,action,2011
Royal Bengal Rahashya,thriller,2011
Runway Beat,drama,2011
Saarathi,"action, drama",2011
Sahi Dhandhe Galat Bande,comedy,2011
Salt N' Pepper,"comedy, romance",2011
Sanctum,"adventure, disaster",2011
Sandwich,"romance, comedy",2011
Sangharshana,drama,2011
Sanju Weds Geetha,"drama, romance",2011
Sarkar Colony,"comedy, drama",2011
Scapegoat,comedy,2011
Season of the Witch,"action, fantasy",2011
Sector 7,action,2011
Seedan,drama,2011
Seema Tapakai,comedy,2011
Segunda Mano,"horror, suspense",2011
Shabri,action,2011
"Shake, Rattle & Roll 13",horror,2011
Shankaranum Mohananum (ശങ്കരനും മോഹനനും),"comedy, fantasy, drama",2011
Sherlock Holmes: A Game of Shadows,"action, mystery",2011
Shyloo,"action, drama",2011
Simha Mukhi,thriller,2011
Sin of a Family,thriller,2011
Singam Puli,"action, masala",2011
Singham,action,2011
Siruthai,"action, masala",2011
Skateland,"drama, teen",2011
Snehaveedu (സ്നേഹവീടു്),drama,2011
Snow Flower and the Secret Fan,drama,2011
Snowtown,crime,2011
Soul Surfer,"biopic, drama",2011
Source Code,"science fiction, thriller",2011
Speedy Singhs,drama,2011
Sri Naga Shakthi,drama,2011
Starbuck,comedy,2011
Sucker Punch,"action, fantasy",2011
Swapna Sanchari (സ്വപ്ന സഞ്ചാരി),drama,2011
Take It Easy,comedy,2011
Take Me Home Tonight,comedy,2011
Take Shelter,drama,2011
Takhan Teish,drama,2011
Teen Thay Bhai,drama,2011
Teenmaar,romance,2011
Teja Bhai & Family,"romance, action, comedy",2011
Tell Me O Kkhuda,drama,2011
Temptation Island,comedy,2011
Tengoku Kara no Yell,drama,2011
Texas Killing Fields,crime,2011
Thambi Vettothi Sundaram,drama,2011
Thambikottai,"action, masala",2011
Thamizh Desam,drama,2011
Thank You,comedy,2011
Thavarina Runa,drama,2011
The Adjustment Bureau,"romance, science fiction, thriller",2011
The Adventures of Pureza: Queen of the Riles,comedy,2011
The Big Year,comedy,2011
The Change-Up,comedy,2011
The Chaperone,"comedy, family",2011
The Debt,"drama, spy thriller",2011
The Dirty Picture,drama,2011
The Eye of the Storm,drama,2011
The Family Tree,comedy,2011
The Filmstaar,drama,2011
The Future,drama,2011
The Girl in the White Coat,drama,2011
The Girl with the Dragon Tattoo,"drama, thriller",2011
The Good Doctor,thriller,2011
The Green Hornet,"comedy, superhero",2011
The Hangover: Part II,comedy,2011
The Hunter,drama,2011
The Metro,"action, thriller",2011
The Moth Diaries,"vampire, horror",2011
The Muppets,"comedy, musical",2011
The Music Never Stopped,drama,2011
The Perfect Host,"dark comedy, thriller",2011
The Pyrammmid,crime,2011
The Reunion,action,2011
The Roommate,thriller,2011
The Rum Diary,"dramedy, thriller",2011
The Sitter,comedy,2011
The Son of No One,"action, crime drama",2011
The Suicide Forecast,comedy,2011
The Tree of Life,drama,2011
The Tunnel,horror,2011
The Unkabogable Praybeyt Benjamin,"comedy, action, fantasy",2011
The Way,drama,2011
Thoonga Nagaram,drama,2011
Tiger Number One,"action, romance",2011
Tokyo Koen,romance,2011
Toll Booth,drama,2011
Toomelah,drama,2011
Tower Heist,"comedy, crime",2011
Tucker & Dale vs. Evil,"comedy, horror",2011
Tumbok,horror,2011
Tween Academy: Class of 2012,drama,2011
Ulakam Chuttum Valiban (ഉലകം ചുറ്റും വാലിബൻ),"comedy, drama",2011
Urumi,"action, period film",2011
Usagi Drop,comedy,2011
Vaadamalli (വാടാമല്ലി),thriller,2011
Vaadu Veedu,"comedy, drama",2011
Vaanam,"action, drama",2011
Vachadu Gelichadu,action,2011
Vaishali,thriller,2011
Vastadu Naa Raju,drama,2011
Vasthad,drama,2011
Veedinthe,drama,2011
Veedu Theda,"action, romance",2011
Veera Bahu,action,2011
Veettilekkulla Vazhi (വീട്ടിലേക്കുള്ള വഴി),"adventure, drama",2011
Vellaripravinte Changathi (വെള്ളരിപ്രാവിന്റെ ചങ്ങാതി),drama,2011
Ven Shankhu Pol (വെൺ ശംഖുപോൽ),drama,2011
Venicile Vyaapari (വെനീസിലെ വ്യാപാരി ),"comedy, drama",2011
Veppam,drama,2011
Vikadakavi,romance,2011
Violin,"musical, romance",2011
Vykuntapali,"comedy, thriller",2011
Water for Elephants,drama,2011
Waya! Uchuu Ichi no Osekkai Daisakusen,drama,2011
Wetlands (Marécages),drama,2011
White as Snow,drama,2011
Won't Last A Day Without You,"romance, comedy",2011
X,crime,2011
Yeh Dooriyan,romance,2011
Yeh Faasley,drama,2011
Yolki 2,comedy,2011
You and I,drama,2011
Your Highness,"comedy, fantasy",2011
Yuvan Yuvathi,romance,2011
Zombadings 1: Patayin sa Shokot si Remington,"horror, comedy",2011
Zookeeper,"comedy, family",2011
10 Terrorists,comedy,2012
100 Bloody Acres,"comedy, horror",2012
100% Love,romance,2012
101 Weddings,"romantic comedy, drama",2012
12/12/12,horror,2012
2-Headed Shark Attack,horror,2012
22 Female Kottayam,"revenge, thriller",2012
28 Hotel Rooms,thriller,2012
3 Kanya,thriller,2012
"3,2,1... Frankie Go Boom",comedy,2012
40 Days and Nights,horror,2012
916,drama,2012
A Late Quartet,drama,2012
A Mother's Story,drama,2012
ATM,thriller,2012
Abosheshe,drama,2012
About Cherry,drama,2012
Abraham Lincoln vs. Zombies,"parody, horror",2012
Abraham Lincoln: Vampire Hunter,"horror, thriller",2012
Achante Aanmakkal (അച്ഛന്റെ ആൺമക്കൾ),action,2012
Act of Valor,action,2012
Addhuri,romance,2012
Adhinayakudu,"action, romance",2012
After,thriller,2012
"Aggression Scale, TheThe Aggression Scale",action,2012
Ai Ore!,romance,2012
Air Collision,action,2012
Ajab Gazabb Love,comedy,2012
Ajantha (അജന്ത),"drama, romance",2012
Alex Cross,thriller,2012
Alien Origin,horror,2012
Allegiance,"war, drama",2012
Alter Egos,comedy,2012
"Amazing Adventures of the Living Corpse, TheThe Amazing Adventures of the Living Corpse",horror,2012
American Reunion,comedy,2012
Ammavin Kaipesi,drama,2012
Anata e,drama,2012
Andala Rakshasi,romance,2012
Anna Bond,action,2012
Another,horror,2012
Antiviral,horror,2012
Any Day Now,drama,2012
Any Questions for Ben?,comedy,2012
Aparajita Tumi,drama,2012
Arbitrage,drama,2012
Arcadia,drama,2012
Argo,thriller,2012
Arike (അരികെ),romance,2012
Asuravithu (അസുരവിത്ത്‌),action,2012
Atlas Shrugged: Part II,"drama, mystery",2012
Avunu,thriller,2012
Awara,"action, romance",2012
Baboo Band Baaja[6],drama,2012
Bachelorette,comedy,2012
Bad Ass,action,2012
Bad Kids Go to Hell,"comedy, thriller",2012
Bait 3D,horror,2012
Bapi Bari Jaa,drama,2012
Barbie in A Mermaid Tale 2,adventure,2012
"Barrens, TheThe Barrens",horror,2012
"Battery, TheThe Battery","drama, horror",2012
Battleship,"action, science fiction",2012
Bavuttiyude Namathil (ബാവുട്ടിയുടെ നാമത്തിൽ),drama,2012
"Bay, TheThe Bay",horror,2012
BearCity 2: The Proposal,"comedy, drama",2012
Beasts of the Southern Wild,"drama, fantasy",2012
Being Flynn,drama,2012
Ben Banks,"comedy, drama",2012
Bending the Rules,"buddy cop, comedy",2012
Best Man Down,drama,2012
Beyond,thriller,2012
Bhagirathi,drama,2012
Bhoopadathil Illatha Oridam (ഭൂപടത്തിൽ ഇല്ലാത്ത ഒരിടം),"satire, drama",2012
Bhoot Returns,horror,2012
Bikram Singha,action,2012
Biktima,"drama, action",2012
Bindlestiffs,comedy,2012
Black Rock,horror,2012
Border Run,drama,2012
Born To Love You,romance,2012
"Bourne Legacy, TheThe Bourne Legacy","action, spy film",2012
Brake,thriller,2012
Brave,"adventure, animated, fantasy",2012
Broken Roads,drama,2012
Bumboo,comedy,2012
Businessman,"action, romance",2012
Butter,comedy,2012
Bwakaw,comedy,2012
California Solo,drama,2012
Cameraman Ganga Tho Rambabu,action,2012
"Campaign, TheThe Campaign",comedy,2012
Caroline and Jackie,drama,2012
Carry on Jatta,comedy,2012
Casa de Mi Padre,comedy,2012
Casanovva (കാസനോവ),"action, romance, thriller",2012
Chal Pichchur Banate Hain,comedy,2012
Challenge 2,action,2012
Challo Driver,comedy,2012
Changing the Game,drama,2012
Chapters,thriller,2012
Charulata 2011,drama,2012
Chasing Mavericks,"biography, drama",2012
Chattakaari (ചട്ടക്കാരി),"drama, romance",2012
Chernobyl Diaries,horror,2012
Chettayees (ചേട്ടായീസ്),"comedy, drama",2012
Chitrangada,drama,2012
Chittagong (film),drama,2012
Christmas with the Dead,horror,2012
Chupkatha,drama,2012
Cinema Company,"drama, romance",2012
"Citizen, TheThe Citizen",drama,2012
Cloud Atlas,"adventure, drama, epic",2012
"Collection, TheThe Collection","horror, thriller",2012
Come Morning,thriller,2012
Compliance,drama,2012
Crazy Eyes,drama,2012
Crooked Arrows,"drama, sports",2012
Da Thadiya (ഡാ തടിയാ),"romance, comedy",2012
Dammu,action,2012
Dark Tide,action,2012
"Dark Truth, AA Dark Truth",thriller,2012
Darling Companion,comedy,2012
Death Race 3: Inferno,action,2012
Detachment,drama,2012
"Devil Inside, TheThe Devil Inside",horror,2012
Dhanyam (ധന്യം),romance,2012
Dhenikaina Ready,comedy,2012
Diary of a Wimpy Kid: Dog Days,comedy,2012
"Dictator, TheThe Dictator",comedy,2012
Django Unchained,western,2012
"Do-Deca-Pentathlon, TheThe Do-Deca-Pentathlon",comedy,2012
Doctor Innocent aanu (ഡോക്ടർ ഇന്നസെന്റാണ്),comedy,2012
Dracula Reborn,horror,2012
Dragon Eyes,action,2012
Dutta Vs Dutta,drama,2012
Dysfunctional Friends,comedy,2012
Eating Out 5: The Open Weekend,comedy,2012
Edegarike,action,2012
Eden,thriller,2012
Ee Adutha Kalathu (ഈ അടുത്ത കാലത്ത്),thriller,2012
Ekk Deewana Tha,romance,2012
Ekla Akash,drama,2012
El Presidente,"historical drama, action",2012
Elar Char Adhyay,drama,2012
Elevator,thriller,2012
Elf-Man,comedy,2012
"End of Love, TheThe End of Love",drama,2012
Endukante... Premanta!,romance,2012
English Vinglish,drama,2012
Evil Head,horror,2012
Excision,horror,2012
"Expendables 2, TheThe Expendables 2",action,2012
Extracted,thriller,2012
Father's Day,drama,2012
Fatso!,comedy,2012
Finding Nemo 3D,"adventure, animated",2012
"First Time, TheThe First Time",comedy,2012
"Fitzgerald Family Christmas, TheThe Fitzgerald Family Christmas",comedy,2012
For Ellen,drama,2012
"For a Good Time, Call...",comedy,2012
For the Love of Money,"action, drama",2012
"Forger, TheThe Forger",drama,2012
Fortress,drama,2012
Friday (ഫ്രൈഡേ),"drama, thriller",2012
Friends with Kids,comedy,2012
Fun Size,"comedy, teen",2012
Gabbar Singh,action,2012
Gali Gali Chor Hai,drama,2012
Gayby,comedy,2012
Ghetuputra Kamola,drama,2012
God Bless America,comedy,2012
Godfather,drama,2012
Gone,thriller,2012
Goodbye Promise,"drama, independent movie",2012
Goon,comedy,2012
Govindaya Namaha,"comedy, drama",2012
Grandmaster,"thriller, mystery",2012
Guni-Guni,horror,2012
Hawk(e): The Movie,comedy,2012
Hemlock Society,drama,2012
Henge,horror,2012
Here Comes the Boom,"comedy, sports",2012
Hick,drama,2012
Hide N' Seek,"drama, romance",2012
High Chicago,drama,2012
Himitsu no Akko-chan,romance,2012
Hotel Transylvania,"animated, comedy",2012
Housos vs. Authority,comedy,2012
Husbands in Goa,comedy,2012
I Do Bidoo Bidoo: Heto nAPO Sila!,"musical, comedy, romance",2012
I Love Me,"thriller, romance",2012
Idiot,romance,2012
Inch'Allah,drama,2012
Ishaqzaade,romance,2012
Jab Tak Hai Jaan,"romance, drama",2012
Jaihind,drama,2012
Jana Gana Mana,comedy,2012
"Jeff, Who Lives at Home",comedy,2012
Jekhane Bhooter Bhoy,comedy,2012
Jodi Breakers,romance,2012
John Carter,"action, science fiction",2012
Joker,drama,2012
Josettante Hero (ജോസേട്ടന്റെ ഹീറോ),drama,2012
Joyful Noise,"comedy, musical",2012
Julai,"action, comedy",2012
Just One Summer,"romance, drama",2012
Kalakalappu,comedy,2012
Kamaal Dhamaal Malamaal,comedy,2012
Kath & Kimderella,comedy,2012
Kazoku no Kuni,drama,2012
Keep the Lights On,drama,2012
Ki Kore Bojhabo ...Tomake,thriller,2012
Kiladi Kitty,comedy,2012
Kimmy Dora and The Temple of Kiyeme,comedy,2012
"King is Dead, TheThe King is Dead","comedy, thriller",2012
Kismet Love Paisa Dilli,comedy,2012
Kollaikaran,drama,2012
Kotoko,horror,2012
Kozhi Koovuthu,drama,2012
Krishnam Vande Jagadgurum,"drama, action",2012
Krishnaveni Panjaalai,romance,2012
Kumki,drama,2012
Kuni Mulgi Deta Ka Mulgi,comedy,2012
"Kyo, Koi wo Hajimemasu",romance,2012
Last Dance,thriller,2012
Laurence Anyways,drama,2012
Lawless,"drama, gangster",2012
Leelai,romance,2012
Life In Park Street,drama,2012
Life of Pi,"action-adventure, drama",2012
Lockout,"action, science fiction",2012
"London, Paris, New York",romance,2012
Lost in Thailand,comedy,2012
Love Failure,romance,2012
Luv Shuv Tey Chicken Khurana,comedy,2012
Madea's Witness Protection,comedy,2012
Madirasi (മദിരാശി),"comedy, action",2012
Maladies (2012 film),drama,2012
Man on a Ledge,thriller,2012
Manjadikuru (മഞ്ചാടിക്കുരു),drama,2012
Masters,thriller,2012
Maximum,thriller,2012
Mayamohini (മായാമോഹിനി),comedy,2012
Mayilu,drama,2012
Mental,comedy,2012
Mere Dost Picture Abhi Baki Hai,comedy,2012
Mirror Mirror,"comedy, fantasy",2012
Moonrise Kingdom,drama,2012
Moron 5 and the Crying Lady,comedy,2012
Moving Day,comedy,2012
Mr. Nokia,action,2012
Mr. and Mrs. Gambler,comedy,2012
Muktodhara,drama,2012
My Cactus Heart,"romance, drama",2012
My Kontrabida Girl,"romance, comedy",2012
Na Hannyate,drama,2012
Naa Ishtam,romance,2012
Naduvula Konjam Pakkatha Kaanom,comedy,2012
Naked Soldier,action,2012
Namukku Parkkan (നമുക്ക് പാർക്കാൻ),drama,2012
Nandeeswarudu,action,2012
Naughty Professor,comedy,2012
Neerparavai,drama,2012
Neethaane En Ponvasantham,romance,2012
Nippu,action,2012
No Entry Pudhe Dhoka Aahey,comedy,2012
Of All the Things,"romance, comedy, drama",2012
Onamalu,drama,2012
Ondu Kshanadalli,romance,2012
Orange,drama,2012
Orkut Oru Ormakoot (ഓർക്കൂട്ട് ഒരു ഓർമ്മക്കൂട്ട്),"drama, romance",2012
Oru Kal Oru Kannadi,comedy,2012
Ouran High School Host Club,drama,2012
POV: Norowareta Film,horror,2012
Paan Singh Tomar,crime,2012
Padmavyooham (പത്മവ്യൂഹം),"mystery, thriller",2012
ParaNorman,"animated, horror comedy, thriller",2012
Parental Guidance,"comedy, family",2012
Parudeesa (പറുദീസ),drama,2012
People Like Us,drama,2012
Pitch Perfect,"comedy, musical",2012
Podaa Podi,romance,2012
Poola Rangadu,"comedy, drama",2012
Poppins,drama,2012
Prabhuvinte Makkal (പ്രഭുവിന്റെ മക്കൾ),drama,2012
Premium Rush,action,2012
Price Check,comedy,2012
Pridyider,horror,2012
Prometheus,"action, horror, science fiction",2012
Puppet Master X: Axis Rising,horror,2012
Rachcha,action,2012
Rasaleela (രാസലീല),romance,2012
Rebel,action,2012
Riot on Redchurch Street,crime,2012
Rock of Ages,"musical, romantic comedy",2012
Run Babby Run (റണ്‍ ബേബി റണ്‍ ),"thriller, comedy",2012
Rurouni Kenshin,drama,2012
Saattai,drama,2012
Sadako 3D,horror,2012
Sadda Adda,comedy,2012
Safety Not Guaranteed,comedy,2012
Sarocharu,"action, romance",2012
Satellite Boy,drama,2012
Save Your Legs!,comedy,2012
Say Yes to Love,romance,2012
Second Show,"crime, action",2012
Seeking a Friend for the End of the World,comedy,2012
Sengathu Bhoomiyilae,drama,2012
"Shake, Rattle & Roll 14",horror,2012
Shiawase no Pan,drama,2012
Shikari (ശിക്കാരി),"period, patriotic, drama",2012
Shirdi Sai,drama,2012
"Si Agimat, Si Enteng, at Si Ako","fantasy, comedy, adventure",2012
Sidlingu,drama,2012
Silent House,horror,2012
Silver Linings Playbook,"comedy-drama, romance",2012
Simhasanam (സിംഹാസനം),action,2012
Snow White & the Huntsman,"action, fantasy",2012
Son Of Sardaar,comedy,2012
Sooriya Nagaram,drama,2012
Spanish Masala,"romance, drama, comedy",2012
Sparkle,"drama, musical",2012
Srimannarayana,action,2012
Step Up Revolution,"dance, drama, romance",2012
Suddenly It's Magic,"romance, comedy",2012
Sudigadu,comedy,2012
Sundarapandian,drama,2012
Ted,comedy,2012
Tenchi Meisatsu,drama,2012
Thaandavam,action,2012
Thadaiyara Thaakka,action,2012
Thappana (താപ്പാന),"drama, road movie",2012
Thattathin Marayathu (തട്ടത്തിൻ മറയത്ത്),romance,2012
The Boy Inside,drama,2012
The Comedian,drama,2012
The Disappeared,drama,2012
The Good Man,drama,2012
The Guilt Trip,comedy,2012
The Healing,"thriller, suspense",2012
The Lesser Blessed,drama,2012
The Loneliest Planet,thriller,2012
The Magic of Belle Isle,drama,2012
The Master,drama,2012
The Mistress,"romance, melodrama",2012
The Mommy Returns,"comedy, fantasy",2012
The Most Fun You Can Have Dying,drama,2012
The Oogieloves in the Big Balloon Adventure,"family, musical",2012
The Paperboy,drama,2012
The Sessions,drama,2012
The Tall Man,"horror, mystery",2012
The Things My Father Never Taught Me,comedy,2012
The Three Stooges,comedy,2012
The Unspeakable Act,"drama, coming of age",2012
The Words,drama,2012
Theevram (തീവ്രം),drama,2012
Thermae Romae,comedy,2012
Thirst,drama,2012
Thiruthani,action,2012
This Guy's in Love with U Mare!,comedy,2012
This Is 40,comedy,2012
This Means War,"comedy, spy film",2012
Thuppakki,action,2012
Tiktik: The Aswang Chronicles,"horror, fantasy, adventure",2012
Titanic 3D,drama,2012
Touchback,drama,2012
Trouble with the Curve,"drama, sports",2012
Underworld: Awakening,"action, horror",2012
Uttarer Sur,drama,2012
V/H/S,"anthology, horror",2012
Vaadhyar (വാദ്ധ്യാർ),"comedy, satire",2012
Vazhakku Enn 18/9,drama,2012
Vicky Donor,comedy,2012
Vulgaria,comedy,2012
Wanderlust,comedy,2012
Will You Marry Me?,romance,2012
Wish You Were Here,drama,2012
Wreck-It Ralph,"animated, comedy, family",2012
Yamaho Yama: In America,"socio-fantasy, comedy",2012
Yedyanchi Jatra,comedy,2012
Yeto Vellipoyindhi Manasu,romance,2012
Yōkai Ningen Bem,drama,2012
Zindagi Tere Naam,romance,2012
Ōoku: Emonnosuke Tsunayoshi Hen,drama,2012
"10,000 Hours","action, drama",2013
101 Chodyangal,drama,2013
10:30 am Local Call,thriller,2013
12 Rounds 2: Reloaded,action,2013
12 Years a Slave,drama,2013
13 Eerie,horror,2013
21 and Over,comedy,2013
3 Dots,"romance, comedy, thriller",2013
3 Geezers!,comedy,2013
30 Nights of Paranormal Activity with the Devil Inside the Girl with the Dragon Tattoo,"comedy, parody",2013
3G,thriller,2013
47 Ronin,"action, fantasy",2013
72 Mile - Ek Pravas,drama,2013
9 Full Moons,drama,2013
A Madea Christmas,comedy,2013
A Moment in Time,"romance, drama",2013
A Resurrection,horror,2013
A Single Shot,"drama, thriller",2013
A Teacher,drama,2013
A.C.O.D.,comedy,2013
ABCD: American-Born Confused Desi,comedy,2013
Aadhalal Kadhal Seiveer,romance,2013
Aadu Magaadra Bujji,action,2013
Aajcha Divas Majha,drama,2013
Aane Pataaki,comedy,2013
Aaru Sundarimaarude Katha,romance,2013
Aattakatha,"musical, romance",2013
Abandoned Mine,horror,2013
Abhiyum Njanum,romance,2013
Aborto,drama,2013
Action Khiladi,"action, thriller",2013
Adda,action,2013
After Earth,"action, sci-fi",2013
Ain't Them Bodies Saints,western,2013
Akaash Vani,romance,2013
Alik Sukh,drama,2013
All in All Azhagu Raja,comedy,2013
All the Wrong Reasons,drama,2013
Amar Bodyguard,drama,2013
Ameerin Aadhi Bhagavan,action,2013
Amen,musical,2013
American Dreams in China,drama,2013
American Hustle,crime,2013
Ami Aaj Nasto Hoye Jai,drama,2013
Ami Aar Amar Girlfriends,drama,2013
Anchorman 2: The Legend Continues,comedy,2013
Angels Sing,drama,2013
Ankur Arora Murder Case,thriller,2013
Annayum Rasoolum,romance,2013
Annum Innum Ennum,"drama, romance",2013
Antaku Mundu Aa Taruvaata,romance,2013
Apartment 1303 3D,horror,2013
Arikil Oraal,"mystery, thriller",2013
Arthur Newman,drama,2013
Artist,drama,2013
Ass Backwards,comedy,2013
Assault on Wall Street,thriller,2013
At Any Price,drama,2013
Atharintiki Daaredi,romance,2013
August Club,"romance, drama",2013
Avalokitesvara,drama,2013
Ayaal,"period, drama",2013
B.A. Pass,drama,2013
Baat Ban Gayi,comedy,2013
Backbench Student,romance,2013
Baggage Claim,comedy,2013
Bajatey Raho,comedy,2013
Bakita Byaktigato,drama,2013
Battle of the Year,"dance, drama",2013
"Baytown Outlaws, TheThe Baytown Outlaws",action,2013
Behind the Candelabra,"bio-pic, drama",2013
Bends,drama,2013
Beneath,horror,2013
Beside Still Waters,comedy,2013
Bharath Stores,drama,2013
Big Sur,drama,2013
Black Butterfly,romance,2013
"Bless Me, Ultima",drama,2013
Blinder,drama,2013
"Bling Ring, TheThe Bling Ring","comedy, crime",2013
Blue Caprice,drama,2013
Blue Jasmine,drama,2013
Blue Ruin,thriller,2013
"Book Thief, TheThe Book Thief",drama,2013
"Book of Esther, TheThe Book of Esther",drama,2013
Boyss Toh Boyss Hain,comedy,2013
Breaking News Live,drama,2013
Breathe In,drama,2013
Bullet to the Head,action,2013
"Butler, TheThe Butler",drama,2013
C.O.G.,drama,2013
C/O Sir,drama,2013
"Call, TheThe Call",thriller,2013
Camel Safari,romance,2013
Captain Phillips,"action drama, bio-pic, thriller",2013
Cas & Dylan,comedy,2013
Chammak Challo,romance,2013
Charlie Countryman,"action, romantic comedy",2013
Chashme Baddoor,comedy,2013
Cheech & Chong's Animated Movie,comedy,2013
Chhayamoy,drama,2013
Choodan,"action, thriller",2013
Chupi Chupi,romance,2013
Cloudy with a Chance of Meatballs 2,"animated, comedy, family",2013
Coffin Baby,horror,2013
Company of Heroes,drama,2013
Computer Chess,comedy,2013
Concussion,drama,2013
Contracted,horror,2013
"Contractor, TheThe Contractor",action,2013
Cottage Country,comedy,2013
"Counselor, TheThe Counselor",crime,2013
Cowboy (2013 film),"action, thriller",2013
Crocodile Love Story,"comedy, romance",2013
"Croods, TheThe Croods","adventure, animated, comedy",2013
Dady Cool Munde Fool,comedy,2013
Daivathinte Swantham Cleetus,"comedy, drama",2013
Dalam,action,2013
Dallas Buyers Club,drama,2013
Damadol,comedy,2013
Dark Skies,"horror, sci-fi",2013
Dasavala,drama,2013
David,crime,2013
David & Goliath,thriller,2013
Dehorokkhi: The Bodyguard,action,2013
Dehraadun Diary,thriller,2013
"Dekha, Na-Dekhay",drama,2013
Desingu Raja,romance,2013
Dhoom 3,action,2013
Dilli Gang,crime,2013
Disconnect,crime,2013
Dracula: The Dark Prince,horror,2013
Drishyam,"drama, thriller",2013
Duniyadari,drama,2013
Ego,comedy,2013
Ek Thi Daayan,horror,2013
Elysium,"action, sci-fi",2013
Empire State,crime,2013
Empire of Dirt,drama,2013
Ender's Game,"action, sci-fi",2013
Endrendrum Punnagai,romance,2013
Enemmy,action,2013
Enemy,thriller,2013
Enough Said,comedy,2013
Ente,drama,2013
Entry,"action, drama",2013
Epic,"adventure, animated, family, fantasy-comedy",2013
Erased,thriller,2013
Escape Plan,action,2013
Evil Dead,horror,2013
Ezhamathe Varavu,thriller,2013
Family Weekend,drama,2013
Fast & Furious 6,action,2013
Felony,thriller,2013
"Fifth Estate, TheThe Fifth Estate",thriller,2013
Final Mission,drama,2013
Four Sisters and a Wedding,"drama, comedy",2013
"Frankenstein Theory, TheThe Frankenstein Theory",horror,2013
"Frozen Ground, TheThe Frozen Ground",thriller,2013
Fruitvale Station,drama,2013
Fukrey,comedy,2013
Full and Final,action,2013
G.B.F.,comedy,2013
Gabrielle,drama,2013
Gangster Squad,"action, crime drama",2013
Geethaanjali,horror,2013
Ginger,drama,2013
Girl Most Likely,comedy,2013
Go for Sisters,thriller,2013
God for Sale,"satire, drama",2013
Goddess,"romance, comedy",2013
Golemale Pirit Koro Na,comedy,2013
"Good Day to Die Hard, AA Good Day to Die Hard",action,2013
Gouravam,drama,2013
Goynar Baksho,drama,2013
Grace Unplugged,drama,2013
Gravity,"drama, thriller",2013
Greeku Veerudu,romance,2013
"Green Inferno, TheThe Green Inferno",horror,2013
Greetings from Tim Buckley,"bio-pic, drama, music",2013
Grown Ups 2,comedy,2013
Grudge Match,"boxing, comedy",2013
Gunde Jaari Gallanthayyinde,romance,2013
Gundello Godari,drama,2013
Hai Ram Charan,"action, romance",2013
"Hangover Part III, TheThe Hangover Part III",comedy,2013
Hansel & Gretel,horror,2013
Hansel & Gretel: Witch Hunters,"action-adventure, horror",2013
"Hateship, Loveship",drama,2013
"Haunting in Connecticut 2: Ghosts of Georgia, TheThe Haunting in Connecticut 2: Ghosts of Georgia",horror,2013
Hawa Badal,comedy,2013
He's Way More Famous Than You,comedy,2013
Her,romance,2013
"Hobbit: The Desolation of Smaug, TheThe Hobbit: The Desolation of Smaug","adventure, fantasy",2013
Holud Pakhir Dana,drama,2013
Home Run,"drama, sports",2013
Honey Bee,comedy,2013
Horror Story,horror,2013
"Hospital, TheThe Hospital",horror,2013
"Host, TheThe Host","romance, sci-fi",2013
Hotel California,"comedy, action",2013
Hotel Deluxe,comedy,2013
Hou De Jarasa Ushir,drama,2013
Hours,drama,2013
House of Dust,horror,2013
I Spit on Your Grave 2,horror,2013
I'm in Love with a Church Girl,drama,2013
Iddarammayilatho,romance,2013
Identity Thief,"comedy, road",2013
In a World...,comedy,2013
InAPPropriate Comedy,comedy,2013
"Incredible Burt Wonderstone, TheThe Incredible Burt Wonderstone",comedy,2013
Indescribable,drama,2013
Insidious: Chapter 2,horror,2013
"Internship, TheThe Internship",comedy,2013
Ishkq in Paris,romance,2013
It Takes a Man and a Woman,"romance, comedy, drama",2013
Ithu Pathiramanal,action,2013
Jackass Presents: Bad Grandpa,comedy,2013
Jaffa,comedy,2013
Jai Maharashtra Dhaba Bhatinda,drama,2013
Jai Sriram,action,2013
Java Heat,action,2013
Jay & Silent Bob's Super Groovy Cartoon Movie,"animated, comedy",2013
Jayne Mansfield's Car,drama,2013
Jobs,"bio-pic, drama",2013
John Day,thriller,2013
John Dies at the End,"dark comedy, horror",2013
Jug Face,horror,2013
Kadal,drama,2013
Kai Po Che!,drama,2013
Kalimannu,drama,2013
Kan Pesum Varthaigal,romance,2013
Kanna Laddu Thinna Aasaiya,comedy,2013
Kedi Billa Killadi Ranga,comedy,2013
Kevin Hart: Let Me Explain,"comedy, documentary",2013
Kevvu Keka,action,2013
Khoka 420,romance,2013
Kidnapper,drama,2013
Kill Your Darlings,drama,2013
Killing Season,action,2013
Kimmy Dora: Ang Kiyemeng Prequel,"comedy, action",2013
Kiss of the Damned,horror,2013
Koormavatara,drama,2013
Kung Fu Divas,"fantasy, comedy, action",2013
Kung Fu Man,action,2013
Kunjananthante Kada,drama,2013
Kunthapura,"drama, period",2013
LUV,drama,2013
Ladies & Gentleman,comedy,2013
Lagna Pahave Karun,romance,2013
Last Call,comedy,2013
"Last Exorcism Part II, TheThe Last Exorcism Part II",horror,2013
"Last Stand, TheThe Last Stand",action,2013
Last Vegas,comedy,2013
Learning Hebrew,drama,2013
"Legend of Jimi Lazer, TheThe Legend of Jimi Lazer",drama,2013
Liars All,thriller,2013
Life of Crime,comedy,2013
Lisammayude Veedu,drama,2013
Listen... Amaya,drama,2013
Lokpal,drama,2013
"Lone Ranger, TheThe Lone Ranger","action-adventure, western",2013
"Lords of Salem, TheThe Lords of Salem",horror,2013
"Lost Medallion: The Adventures of Billy Stone, TheThe Lost Medallion: The Adventures of Billy Stone",adventure,2013
Love in Bombay,romance,2013
Love of My Life,horror,2013
Lovelace,"biographical, drama",2013
Loveria,romance,2013
Lucky Di Unlucky Story,comedy,2013
Lucky Them,comedy,2013
Machete Kills,action,2013
Magic Magic,thriller,2013
Mahapurush O Kapurush,comedy,2013
Mama,horror,2013
Maman Machan,comedy,2013
"Marine 3: Homefront, TheThe Marine 3: Homefront",action,2013
Maryan,drama,2013
Masterminds,drama,2013
Matru Ki Bijlee Ka Mandola,comedy,2013
Megh Roddur,romance,2013
Meghe Dhaka Tara,drama,2013
Mere Dad Ki Maruti,comedy,2013
Mirchi,"romance, action",2013
Moksha,horror,2013
Money Back Policy,comedy,2013
Monsters University,"animated, comedy, family",2013
Moondru Per Moondru Kadhal,romance,2013
Movie 43,comedy,2013
Mrs. Sen,drama,2013
Mud,drama,2013
Mumbai Police,thriller,2013
Murder 3,thriller,2013
My Fan Ramu,comedy,2013
My Lady Boss,"romance, comedy, drama",2013
My Little Bossings,comedy,2013
Mystery Road,thriller,2013
Naayak,"action, romance",2013
Nadodimannan,romance,2013
Naiyaandi,comedy,2013
Nakhangal,"family, thriller",2013
Namte Namte,drama,2013
Narbachi Wadi,drama,2013
Natholi Oru Cheriya Meenalla,"romance, comedy",2013
Nee Ko Njaa Cha,comedy,2013
Neram,"romance, comedy, thriller",2013
Nishpap Munna,"action, romance",2013
No One Lives,horror,2013
North 24 Kaatham,thriller,2013
Now You See Me,thriller,2013
Oblivion,"action, sci-fi",2013
Officer Down,"action, crime",2013
Oldboy,thriller,2013
Om 3D,action,2013
On the Job,"action, crime, thriller, drama",2013
Onaayum Aattukkuttiyum,thriller,2013
Onbadhule Guru,comedy,2013
Ongole Githa,action,2013
Onnorokom Bhalobasha,romance,2013
Orissa,drama,2013
Out of the Furnace,crime,2013
Oz the Great and Powerful,"adventure, fantasy",2013
Paatti,drama,2013
Pacific Rim,"action, sci-fi",2013
"Package, TheThe Package",action,2013
Pagpag: Siyam na Buhay,"horror, drama",2013
Pain & Gain,"crime, dark comedy",2013
Paisa Paisa,thriller,2013
Panga Nibi Na Sala,drama,2013
Papilio Buddha,"drama, environmental film, human rights",2013
Paradesi,drama,2013
Paranoia,thriller,2013
"Pardon, TheThe Pardon",drama,2013
Parkland,drama,2013
Patrick,drama,2013
Pavitra,drama,2013
Pawn,thriller,2013
Pedro Calungsod: Batang Martir,"biographical, drama",2013
Penthouse North,thriller,2013
Percy Jackson: Sea of Monsters,"adventure, fantasy",2013
Phantom,thriller,2013
Philomena,drama,2013
Pigman,drama,2013
Pithavum Kanyakayum,drama,2013
Planes,"animated, comedy, family",2013
Plus One,thriller,2013
Plush,thriller,2013
Policegiri,action,2013
Pooja... Kiven Aa..???,comedy,2013
PoraMon,romance,2013
Pottas Bomb,thriller,2013
"Power Inside, TheThe Power Inside",thriller,2013
Prem Mhanje Prem Mhanje Prem Asta,romance,2013
Prema Katha Chitram,romance,2013
Premachi Goshta,romance,2013
Premsutra,romance,2013
"Pretty One, TheThe Pretty One",drama,2013
Prince Avalanche,drama,2013
Proprietors Kammath & Kammath,"comedy, action",2013
Proxy,horror,2013
Pullipulikalum Aattinkuttiyum,comedy,2013
Pune 52,thriller,2013
Punyalan Agarbathis,drama,2013
"Purge, TheThe Purge","sci-fi, thriller",2013
Purno Doirgho Prem Kahini,romance,2013
Puthagam,drama,2013
Raanjhanaa,romance,2013
Rabba Main Kya Karoon,comedy,2013
"Railway Man, TheThe Railway Man",drama,2013
Rajjo,romance,2013
Ramayya Vasthavayya,romance,2013
Rangbaaz,action,2013
"Red Robin, TheThe Red Robin",thriller,2013
Return to Nim's Island,"adventure, fantasy",2013
Rhymes for Young Ghouls,drama,2013
Riddick,"action, sci-fi",2013
"Rocket, TheThe Rocket",drama,2013
Romans,"comedy, thriller",2013
Romeo & Juliets,"action, romance",2013
Rose Guitarinaal,"romance, music",2013
Runner,action,2013
Runner Runner,thriller,2013
SDU: Sex Duties Unit,comedy,2013
Sahasam,action,2013
Samhita,drama,2013
Saradaga Ammayitho,romance,2013
Sarah Prefers to Run (Sarah préfère la course),drama,2013
"Saratov Approach, TheThe Saratov Approach",thriller,2013
Sarvakala Vallabhan,action,2013
Satya 2,crime,2013
Savannah,drama,2013
School Bus,drama,2013
Season of Miracles,drama,2013
Selam,drama,2013
Settai,comedy,2013
Sex After Kids,comedy,2013
Sexy Evil Genius,comedy,2013
Shadow People,horror,2013
She Wants Me,comedy,2013
Shikhandi Kotha,drama,2013
Short Term 12,drama,2013
Shotgun Wedding,comedy,2013
Shuddh Desi Romance,romance,2013
Siddharth,drama,2013
Side Effects,thriller,2013
Simanaheen,romance,2013
Singh Saab The Great,action,2013
Sixteen,drama,2013
"Smurfs 2, TheThe Smurfs 2","adventure, family",2013
Some Velvet Morning,drama,2013
Sonna Puriyathu,comedy,2013
Sooper Se Ooper,comedy,2013
"Spectacular Now, TheThe Spectacular Now",drama,2013
Spiders 3D,thriller,2013
Stand Up Guys,"comedy, crime",2013
Standing Up,drama,2013
Sukumarudu,romance,2013
Summa Nachunu Irukku,comedy,2013
Super Model,drama,2013
Swamy Ra Ra,"comedy, thriller",2013
Sweetwater,"thriller, western",2013
Sweety Nanna Jodi,romance,2013
Tadakha,action,2013
Television,drama,2013
Thalaimuraigal,drama,2013
The Art of the Steal,comedy,2013
The Complex,horror,2013
The Eternal Zero,drama,2013
The F Word,drama,2013
The Grand Seduction,comedy,2013
The Great Passage,drama,2013
The Inevitable Defeat of Mister & Pete,drama,2013
The Lunchbox,drama,2013
The Power of Silence,thriller,2013
The Right Kind of Wrong,romance,2013
The Young and Prodigious T.S. Spivet,drama,2013
The Zombie King,comedy,2013
Thira,thriller,2013
This Is the End,comedy,2013
Tobuo Bhalobashi,romance,2013
Tokyo Family,drama,2013
Toofan,action,2013
Touring Talkies,drama,2013
Tracks,drama,2013
Transit1,drama,2013
Tru Love,drama,2013
Tu Mera 22 Main Tera 22,comedy,2013
Turbo,"animated, comedy, family",2013
Two Mothers,drama,2013
Tyler Perry Presents Peeples,comedy,2013
Upstream Color,drama,2013
V/H/S/2,"anthology, horror",2013
Vanakkam Chennai,comedy,2013
Varna,romance,2013
Varuthapadatha Valibar Sangam,comedy,2013
Vedivazhipadu,drama,2013
Vehicle 19,thriller,2013
Venkatadri Express,comedy,2013
Violet & Daisy,"action, comedy-drama",2013
Vishudhan,drama,2013
Vishwaroop,action,2013
Voyage,drama,2013
"Wait, TheThe Wait",drama,2013
Wara no Tate,thriller,2013
Warm Bodies,"horror, romantic comedy",2013
We Are What We Are,horror,2013
We're the Millers,comedy,2013
Welcome to the Jungle,comedy,2013
What the Fish,drama,2013
White Reindeer,comedy,2013
Whitewash,drama,2013
Why Don't You Play in Hell?,drama,2013
"Wicked, TheThe Wicked",horror,2013
Ya Ya,comedy,2013
Yathrakkoduvil,drama,2013
You Are Here,drama,2013
You're Next,horror,2013
Zachariayude Garbhinikal,comedy,2013
Zero Charisma,comedy,2013
Zombie Hunter,thriller,2013
'Moms' Night Out,comedy,2014
13 Sins,horror,2014
1909,"drama, action",2014
1987,"comedy, drama",2014
2 States,romance,2014
3 A.M.,horror,2014
3 Days to Kill,thriller,2014
4 Minute Mile,drama,2014
50 to 1,drama,2014
52 Tuesdays,drama,2014
71 er Shongram,"romance, war",2014
@Andheri,drama,2014
A Decent Arrangement,drama,2014
A Merry Friggin' Christmas,comedy,2014
A Million Ways to Die in the West,comedy,2014
A Walk Among the Tombstones,thriller,2014
Aaaah,horror,2014
Aadama Jaichomada,comedy,2014
Aadhiyum Andhamum,thriller,2014
Aal,thriller,2014
Aamar Aami,drama,2014
Aamayum Muyalum,comedy,2014
Aandhali Koshimbir,comedy,2014
Abhimanyu,action,2014
Addicted,thriller,2014
Adhyaksha,"comedy, drama",2014
Adult World,comedy,2014
After the Dark,thriller,2014
Age Jodi Jantam Tui Hobi Por,romance,2014
Agnee,action,2014
Agni,romance,2014
Aindhaam Thalaimurai Sidha Vaidhiya Sigamani,comedy,2014
Ajeyo,drama,2014
Ajith,"action, thriller, romance, drama, comedy",2014
Ajoba,"drama, adventure, thriller",2014
Akalpith,"horror, thriller",2014
"Alexander and the Terrible, Horrible, No Good, Very Bad Day",comedy,2014
Alien Abduction,horror,2014
Alludu Seenu,action,2014
Aloft,drama,2014
Ami Shudhu Cheyechi Tomay,"action, romance",2014
Anaamika,thriller,2014
Android Cop,action,2014
Angaaraka,"action, romance, drama",2014
Angels,"mystery, thriller",2014
Angels in Stardust,comedy,2014
Ankhon Dekhi,comedy,2014
Annabelle,horror,2014
Ant Story,"comedy, drama",2014
Anukshanam,thriller,2014
Anvatt,thriller,2014
Ao Oni,horror,2014
Apocalypse Pompeii,action,2014
Apur Panchali,drama,2014
Arima Nambi,thriller,2014
Arsho,romance,2014
"As Above, So Below",horror,2014
Asian School Girls,action,2014
Astu,drama,2014
Athithi,thriller,2014
Avatarachi Goshta,"comedy, drama",2014
Avatharam,"action,thriller",2014
Azhagiya Pandipuram,romance,2014
Baari Tar Bangla,"comedy, drama",2014
"Babadook, TheThe Babadook",horror,2014
Bachchan,"drama, comedy",2014
Bad Johnson,comedy,2014
Balwinder Singh Famous Ho Gaya,comedy,2014
Bang Bang!,action,2014
Bangalore Days,drama,2014
Belli,"drama, action",2014
Bewakoofiyaan,romance,2014
Beyond the Lights,romance,2014
Bhaiyya Bhaiyya,comedy,2014
Bhakarkhadi 7 km,drama,2014
Bhoomiyude Avakashikal,drama,2014
Big Eyes,drama,2014
Billy Elliot the Musical Live,musical,2014
Black Water Vampire,horror,2014
Blind Massage,drama,2014
Blue Spring Ride,romance,2014
Bodacious Space Pirates: Abyss of Hyperspace,adventure,2014
Boyhood,drama,2014
Brahma,"drama, action",2014
Break Up 100,romance,2014
Brick Mansions,action,2014
Bride for Rent,"romance, comedy, drama",2014
Brihonnola,drama,2014
But Always,romance,2014
Cake,drama,2014
Camp Takota,comedy,2014
Camp X-Ray,drama,2014
Cast No Shadow,drama,2014
Central Theater,thriller,2014
Chaarfutiya Chhokare,thriller,2014
Cheap Thrills (film),comedy,2014
Chinnadana Nee Kosam,romance,2014
Climbing to Spring,drama,2014
Cold Comes the Night,thriller,2014
Da Possessed,"comedy, horror",2014
Damaal Dumeel,thriller,2014
Daring Lover,"action, romance",2014
Darr @ the Mall,horror,2014
Decoding Annie Parker,drama,2014
Dekh Tamasha Dekh,comedy,2014
Deliver Us from Evil,horror,2014
Desha: The Leader,"political, thriller",2014
Devil's Due,horror,2014
Devil's Knot,thriller,2014
Dhag,drama,2014
Diary ng Panget,"teen romance, comedy",2014
Dikkulu Choodaku Ramayya,romance,2014
Dil Rangeela,"romance, drama",2014
Dilim,"horror, suspense, thriller",2014
Dobir Saheber Songsar,comedy,2014
Dolphin Tale 2,drama,2014
Dot 2 Dot,drama,2014
Double Di Trouble,comedy,2014
Dr. Cabbie,comedy,2014
Draft Day,drama,2014
Dumb and Dumber To,comedy,2014
Dusari Goshta,drama,2014
Edge of Tomorrow,action,2014
Elephant Song,drama,2014
Elizabeth Ekadashi,"comedy, drama",2014
Entertainment,comedy,2014
Exodus: Gods and Kings,drama,2014
Fall,drama,2014
Fandry,drama,2014
Fat Pizza vs. Housos,comedy,2014
Felix and Meira,drama,2014
Feng Shui 2,"horror, suspense",2014
Filmistaan,comedy,2014
Fleet of Time,romance,2014
Foxcatcher,drama,2014
Galipatam,romance,2014
Gekijōban Zero,horror,2014
Get on Up,drama,2014
Gnana Kirukkan,drama,2014
God's Pocket,drama,2014
Goli Soda,drama,2014
Gone Girl,thriller,2014
"Gore, Quebec",horror,2014
Goreyan Nu Daffa Karo,comedy,2014
Govindudu Andarivadele,drama,2014
Gubeer,comedy,2014
Haider,drama,2014
Happy Journey,drama,2014
Hate Story 2,thriller,2014
Hawaa Hawaai,drama,2014
Healing,drama,2014
Hellion,drama,2014
Hero: The Superstar,"action, romance",2014
Highway to Dhampus,drama,2014
Holy Ghost People,thriller,2014
Homely Meals,comedy,2014
Horrible Bosses 2,comedy,2014
How Old Are You,drama,2014
Hrid Majharey,romance,2014
Hridayer Shabdo,romance,2014
Huchudugaru,"comedy, drama",2014
I Origins,drama,2014
"I, Frankenstein",action,2014
Ice Cream 2,thriller,2014
Idhuvum Kadandhu Pogum,drama,2014
If I Stay,romance,2014
In Her Place,drama,2014
In the Blood,action,2014
Irumbu Kuthirai,action,2014
Ithihasa,"comedy, fantasy",2014
Jack Ryan: Shadow Recruit,thriller,2014
Jai Hind 2,action,2014
Jaihind 2,action,2014
Jamesy Boy,drama,2014
Jatt James Bond,"romance, action",2014
Jeeya Jurir Xubax,drama,2014
Jersey Boys,musical,2014
Jessabelle,horror,2014
Jigariyaa,romance,2014
Jilmil Jonak,drama,2014
Jinn,thriller,2014
John Paul Vaathil Thurakkunnu,thriller,2014
Kami-sama no Iu Toori,thriller,2014
Kappal,comedy,2014
Karle Pyaar Karle,romance,2014
Kasturi Nivasa (color version),drama,2014
Ki Darun Dekhte,"action, romance",2014
Kistimaat,"action, romance",2014
Kochadaiiyaan,action,2014
Koothara,thriller,2014
Koottam,drama,2014
Koyelaanchal,action,2014
Kubot: The Aswang Chronicles 2,"horror, fantasy, adventure",2014
L DK,romance,2014
Labor Day,drama,2014
Lal Bahadur Shastri,comedy,2014
Law Point,drama,2014
Left Behind,thriller,2014
Leprechaun: Origins,horror,2014
Let's Be Cops,comedy,2014
Life After Beth,comedy,2014
Listen Up Philip,drama,2014
London Bridge,drama,2014
Lost in Karastan,comedy,2014
Loukyam,action,2014
Love Is Strange,drama,2014
Maanikya,"action, thriller, romance, drama, comedy",2014
Machhli Jal Ki Rani Hai,horror,2014
Madhyamvarg: The Middle Class,action,2014
Madras,drama,2014
Magkakabaung,drama,2014
Main Tera Hero,comedy,2014
Mamachya Gavala Jaaoo Yaa,"comedy, thriller",2014
Manam,drama,2014
Manjunath,drama,2014
Mannar Mathai Speaking 2,comedy,2014
Maramkothi,romance,2014
Maria Leonora Teresa,"horror, drama",2014
Mary Kom,drama,2014
Mathai Kuzhappakkaranalla,drama,2014
Medulla Oblongata,drama,2014
Megha,romance,2014
Meghmallar,"drama, war",2014
Mercenaries,action,2014
Million Dollar Arm,drama,2014
Mommy,drama,2014
Money Ratnam,comedy,2014
Moron 5.2: The Transformation,comedy,2014
Mosayile Kuthira Meenukal,adventure,2014
Mr & Mrs 420,comedy,2014
Mr Joe B. Carvalho,comedy,2014
Mr. Fraud,action,2014
Mr. Peabody & Sherman,adventure,2014
Mula sa Kung Ano ang Noon,drama,2014
"Mule, TheThe Mule",drama,2014
Mumbai 125 KM 3D,horror,2014
Mumbai Delhi Mumbai,drama,2014
Munnariyippu,thriller,2014
Muppets Most Wanted,comedy,2014
My Big Bossing,"comedy, fantasy, adventure",2014
My Mistress,drama,2014
Naa Bangaaru Talli,drama,2014
Naaigal Jaakirathai,thriller,2014
Naan Than Bala,drama,2014
Naku Penta Naku Taka,thriller,2014
Nalanum Nandhiniyum,romance,2014
Nee Enge En Anbe,thriller,2014
Nee Jathaga Nenundali,romance,2014
Need for Speed,action,2014
Neenade Naa,"romance, action",2014
Neighbours: They Are Vampires,horror,2014
Ner Ethir,thriller,2014
Night at the Museum: Secret of the Tomb,comedy,2014
Nightcrawler,thriller,2014
Ninnindale,"action, romance, drama",2014
Njan Steve Lopez,drama,2014
No Good Deed,thriller,2014
Non-Stop,action,2014
"Norte, the End of History *(2014 commercial release) (limited release)",drama,2014
"Norte, the End of History *(2014 commercial release) (wide release)",drama,2014
Nozoki Ana,"erotic, romance, comedy",2014
Nurse 3D,horror,2014
O Manishi Katha,drama,2014
O Teri,comedy,2014
Oculus,horror,2014
Oggarane,"comedy, drama",2014
Oka Laila Kosam,romance,2014
Once a Princess,romance,2014
One by One,drama,2014
Onek Sadher Moyna,"romance, drama",2014
Open Grave,thriller,2014
Oru Kanniyum Moonu Kalavaanikalum,comedy,2014
Oru Oorla,drama,2014
Oru Oorla Rendu Raja,comedy,2014
Ouija,horror,2014
Paathasala,thriller,2014
Pakida,thriller,2014
Paranormal Activity: The Marked Ones,horror,2014
Pattaya Kelappanum Pandiya,comedy,2014
Persecuted,drama,2014
Ping Pong Summer,comedy,2014
Pisasu,horror,2014
Pizza,horror,2014
Planes: Fire & Rescue,adventure,2014
Por Baazar,thriller,2014
Power ***,action,2014
Prathinidhi,action,2014
Predestination,thriller,2014
Punha Gondhal Punha Mujra,comedy,2014
Punjab 1984,"drama, family",2014
Pyaar Vali Love Story,"comedy, romance",2014
Pyar Mein Padipoyane,romance,2014
Ra Ra Krishnayya,romance,2014
Raag: The Rhythm of Love,drama,2014
Race Gurram,action,2014
Ragini IPS,action,2014
Raja Natwarlal,thriller,2014
Rajotto,"action, romance",2014
Raktharakshas 3D,horror,2014
Rampage: Capital Punishment,"action, crime-thriller",2014
Rege,crime,2014
Repentance,thriller,2014
Rettai Vaalu,drama,2014
Revolver Rani,drama,2014
Ride Along,comedy,2014
Road to Paloma,thriller,2014
"Rover, TheThe Rover",drama,2014
Rowdy,action,2014
Run Raja Run,action,2014
Sabotage,action,2014
Saivam,drama,2014
Salaam Kashmier,action,2014
Salala Mobiles,romance,2014
Salim,thriller,2014
Sangharsh,drama,2014
Sanngto Aika,"comedy, drama",2014
Sapthamashree Thaskaraha,drama,2014
Sarabham,thriller,2014
Sare Chuattor Ghoshpara,comedy,2014
School Dance,musical,2014
Scorned,thriller,2014
"Shake, Rattle & Roll XV","horror, suspense",2014
Sigaram Thodu,action,2014
Sin City: A Dame to Kill For,thriller,2014
Singham Returns,action,2014
Somewhere Slow,drama,2014
Son of a Gun,thriller,2014
Sringkhal,drama,2014
Stage Fright,horror,2014
Strings of Passion,drama,2014
Super Nani,drama,2014
Surajya,drama,2014
Swami Public Ltd.,"drama, thriller",2014
Swapaanam,"drama, musical",2014
Talk Back and You're Dead,"teen romance, comedy, action",2014
Tammy,comedy,2014
Teen Lust,comedy,2014
That Demon Within,crime,2014
That Thing Called Tadhana,"romance, comedy",2014
The Amazing Praybeyt Benjamin,comedy,2014
The Amazing Spider-Man 2,action,2014
The Bag Man,action,2014
The Calling,thriller,2014
The Color of Time,drama,2014
The Dependables,"action, comedy",2014
The Equalizer,action,2014
The Expendables 3,action,2014
The Fault in Our Stars,drama,2014
The Games Maker,"family, adventure",2014
The Good Lie,drama,2014
The Guest,thriller,2014
The Homesman,drama,2014
The Hundred-Foot Journey,comedy,2014
The Hunger Games: Mockingjay – Part 1,adventure,2014
The Judge,drama,2014
The Nut Job,comedy,2014
The President,drama,2014
The Pretty One,comedy,2014
The Prince,thriller,2014
The Purge: Anarchy,horror,2014
The Royal Bengal Tiger,action,2014
The Scribbler,thriller,2014
The Shaukeens,comedy,2014
The Signal,thriller,2014
The Snow White Murder Case,crime,2014
The Taking of Tiger Mountain.,"action, biography",2014
The Two Faces of January,thriller,2014
The Xposé,thriller,2014
Thegidi,thriller,2014
They Came Together,comedy,2014
Think Like a Man Too,comedy,2014
Thirumanam Enum Nikkah,romance,2014
To Noora with Love,romance,2014
Top Five,comedy,2014
Trailer Park Boys: Don't Legalize It,comedy,2014
Trophy Wife,"romance, drama, thriller",2014
Tusk,"horror, comedy",2014
Ugly,thriller,2014
Ulavacharu Biryani,"comedy, drama",2014
Ulsaha Committee,comedy,2014
Un Samayal Arayil,romance,2014
Unbroken,drama,2014
Ungli,drama,2014
Vaadhdivsachya Haardik Shubhechcha,comedy,2014
Vegam,thriller,2014
Vellaikaara Durai,comedy,2014
Vellimoonga,comedy,2014
Vellivelichathil,drama,2014
Vikramadithyan,drama,2014
Vitti Dandu,"drama, action",2014
Wah Taj,drama,2014
Walk of Shame,comedy,2014
Walking with the Enemy,drama,2014
"Water Diviner, TheThe Water Diviner",drama,2014
We Still Kill the Old Way (2014 film),action,2014
Wolf Creek 2,horror,2014
Wyrmwood,horror,2014
Yaan,action,2014
Yaariyan,romance,2014
Yeh Hai Bakrapur,comedy,2014
Yo-Kai Watch: Tanjō no Himitsu da Nyan!,"fantasy, adventure",2014
You're Not You,drama,2014
Youngistaan,drama,2014
Z Storm,crime,2014
100 Days of Love,romance,2015
1915,thriller,2015
3 Nights in the Desert,drama,2015
32aam adhyayam 23aam vaakyam,drama,2015
36 Vayadhinile,drama,2015
88,thriller,2015
A 2nd Hand Lover,romance,2015
A Farewell to Jinu,comedy,2015
A Paying Ghost,"comedy, love story, drama",2015
Abby Sen,"comedy, drama, sci-fi",2015
Across the Line,drama,2015
Adi Kapyare Kootamani,comedy,2015
Adult Beginners,comedy,2015
Agent 47,action,2015
Akhil,action,2015
Amanush 2,"crime, drama, thriller",2015
Angrej,"comedy, romance",2015
Ant-Man,action,2015
Anuradha,drama,2015
April Fools,comedy,2015
Arpeggio of Blue Steel,action,2015
Asha Jaoar Majhe,drama,2015
Avengers: Age of Ultron,action,2015
Avunu 2,thriller,2015
Ayal Njanalla,comedy,2015
Baby,horror,2015
Baji,"vigilante, action, thriller",2015
Bawal,comedy,2015
Beyond the Reach,thriller,2015
Bhaskar the Rascal,comedy,2015
Big Brother,"action, comedy",2015
Bite,horror,2015
Black Mass,action,2015
Black or White,drama,2015
Blackbird,drama,2015
Blackhat,action,2015
Bravo 5,action,2015
Charlie,thriller,2015
Cheekati Rajyam,thriller,2015
Child 44,thriller,2015
Chooriyan,"action, romance",2015
Chorus,drama,2015
Chotoder Chobi,"romance, drama",2015
Circle,thriller,2015
Closet Monster,drama,2015
Corpse Party,horror,2015
Courier Boy Kalyan,romance,2015
Court,"drama, satire",2015
Crazy Beautiful You,"drama, romantic comedy",2015
Crimson Peak,thriller,2015
Daagdi Chaawl,"crime, action",2015
Daddy's Home,comedy,2015
Danny Collins,drama,2015
Demonte Colony,horror,2015
Devil and Angel,comedy,2015
Dhol Taashe,drama,2015
Digimon Adventure tri. Part 1: Reunion,"action, sci-fi",2015
Dildariyaan,romance,2015
Dragon Ball Z: Fukkatsu no F,action,2015
"Dressmaker, TheThe Dressmaker",drama,2015
Ebar Shabor,"action, thriller",2015
Eetti,action,2015
Ennu Ninte Moideen,romance,2015
Entourage,comedy,2015
Etiquette for Mistresses,"drama, romance",2015
Everly,thriller,2015
Every Thing Will Be Fine,drama,2015
Everyday I Love You,"drama, romance",2015
Ex with Benefits,"drama, romance",2015
Far from the Madding Crowd,drama,2015
Fire Song,drama,2015
Fireman,drama,2015
Furious 7,action,2015
Galaxy Turnpike,"science fiction, comedy",2015
Get Hard,comedy,2015
Girls und Panzer der Film,"school, action, drama",2015
Goodbye Mr. Loser,comedy,2015
Grasshopper,thriller,2015
Halik sa Hangin,"horror, romance",2015
Har Har Byomkesh,"thriller, action",2015
He's a Dragon,"adventure, romance, fantasy film",2015
Hellions,horror,2015
Herogiri,"action, comedy, romance",2015
Hitudu,drama,2015
Holding the Man,drama,2015
Home,comedy,2015
Home Sweet Hell,comedy,2015
Hot Tub Time Machine 2,comedy,2015
In the Heart of the Sea,thriller,2015
India Pakistan,comedy,2015
Inimey Ippadithan,comedy,2015
Insidious: Chapter 3,horror,2015
It Follows,horror,2015
Ivan Maryadaraman,comedy,2015
Ivanuku Thannila Gandam,comedy,2015
JK Enum Nanbanin Vaazhkai (Direct-to-video),drama,2015
Jalal's Story,drama,2015
James Bond,comedy,2015
Jamna Pyari,romance,2015
Jian Bing Man,comedy,2015
Jil,action,2015
Jilebi,drama,2015
Just Gammat,comedy,2015
Juvana 2: Terperangkap Dalam Kebebasan,action,2015
Jwanita,horror,2015
Kaaval,action,2015
Kaay Raav Tumhi,comedy,2015
Kaliyachan,drama,2015
Karie,drama,2015
Katham Katham,action,2015
Katyar Kaljat Ghusali,"musical, drama",2015
Kerintha,romance,2015
Khushi Khushiyagi,romance,2015
Khwada,drama,2015
Kingsman: The Secret Service,action,2015
Kirumi,thriller,2015
Kudesan,drama,2015
Kumbasaram,drama,2015
Kunjiramayanam,comedy,2015
Library Wars: The Last Mission,"romance, action, comedy",2015
Little Accidents,drama,2015
Little Big Master,drama,2015
Locust,"crime, drama, thriller",2015
Loham,drama,2015
Lokmanya Ek Yugpurush,"drama, action",2015
Lost and Love,drama,2015
Lost in Hong Kong,comedy,2015
Lukka Chuppi,comedy,2015
Mad Max: Fury Road,action,2015
Madhura Naranga,comedy,2015
Mahanayak Vasant Tu,"biopic, drama",2015
Mama Manchu Alludu Kanchu,comedy,2015
Maps to the Stars,drama,2015
Match,drama,2015
Max,adventure,2015
"McFarland, USA",drama,2015
Minions,comedy,2015
Mortdecai,comedy,2015
Muck,horror,2015
Mula sa Kung Ano ang Noon *(2015 commercial release),drama,2015
Murder Mestri,"thriller, comedy, mystery",2015
Murmur of the Hearts,drama,2015
My Internship in Canada (Guibord s'en va-t-en guerre),"satire, comedy",2015
My Love Story!!,"romance, comedy",2015
Mythri,drama,2015
Naalu Policeum Nalla Irundha Oorum,comedy,2015
Naanu Avanalla...Avalu,drama,2015
Natasha,drama,2015
Naxal,"drama, historic",2015
Nee-Na,drama,2015
Nirbaak,"fantasy, musical, romance",2015
No Men Beyond This Point,comedy,2015
O Kadhal Kanmani,romance,2015
Oddball,drama,2015
Oh My God,comedy,2015
Orlean,"comedy, thriller",2015
Oru Second Class Yathra,comedy,2015
Oru Vadakkan Selfie,comedy,2015
Our Little Sister,drama,2015
Our Loved Ones (Les êtres chers),drama,2015
Padma Patar Jol,romance,2015
Parasyte: Part 2,horror,2015
Partisan,drama,2015
Pataas,action,2015
Pathemari,drama,2015
Paul Blart: Mall Cop 2,comedy,2015
"Paws, Bones & Rock'n'roll","comedy, family film",2015
Perariyathavar,drama,2015
Picket 43,drama,2015
Pitch Perfect 2,comedy,2015
Premam,romance,2015
Project Almanac,thriller,2015
Psycho-Pass: The Movie,"dystopia, crime, cyberpunk",2015
Qissa,drama,2015
Rag Union,"comedy, drama film",2015
Rajamma @ Yahoo,comedy,2015
Rajkahini (English: Tale of Kings),"drama , historic",2015
Raju Gari Gadhi,"horror, comedy",2015
Rajwade and Sons,drama,2015
Rasam,drama,2015
Remember,drama,2015
Resureksyon,horror,2015
Rey,musical,2015
River,thriller,2015
Road Hard,comedy,2015
Room (2015 film),drama,2015
Ruben Guthrie,drama,2015
Run All Night,action,2015
Ryuzo and The Seven Henchmen,comedy,2015
Salt Mango Tree,comedy,2015
Sandamarutham,action,2015
Sandook,"drama, action, comedy",2015
Sasu Cha Swayamwar,"romance, comedy",2015
Sata Lota Pan Sagla Khota,comedy,2015
Serena,drama,2015
Serndhu Polama,romance,2015
Somewhere Only We Know,romance,2015
Song One,drama,2015
Spare Parts,drama,2015
Strangerland,thriller,2015
Su.. Su... Sudhi Vathmeekam,comedy,2015
Subramanyam For Sale,romance,2015
Surya vs Surya,romance,2015
Taken 3,action,2015
Ted 2,comedy,2015
Temper,action,2015
Territory,"adventure, drama film",2015
The Age of Adaline,romance,2015
The Anthem of the Heart,drama,2015
The Boy Next Door,thriller,2015
The Breakup Playlist,"drama, music, romance",2015
The Divergent Series: Insurgent,action,2015
The Duff,comedy,2015
The Forbidden Room,drama,2015
The Gunman,action,2015
The Kind Words,drama,2015
The Lazarus Effect,thriller,2015
The Left Ear,romance,2015
The Longest Ride,drama,2015
The Love Affair,"drama, romance",2015
The Reporter,thriller,2015
The Road Within,drama,2015
The Third Way of Love,romance,2015
The Vatican Tapes,horror,2015
The Voices,comedy,2015
The Waiting Room,drama,2015
The Walking Deceased,comedy,2015
The Woman in Black 2: Angel of Death,horror,2015
Time Bara Vait,"romcom, action, thriller",2015
Timepass 2,"romance, comedy",2015
Tracers,action,2015
Tragic Theater,horror,2015
Trainwreck,comedy,2015
True Story,drama,2015
Tu Hi Re,"drama, romance",2015
Turbo Kid,"horror, thriller",2015
Two Countries,comedy,2015
UNindian,drama,2015
Unfriended,horror,2015
Urumbukal Urangarilla,drama,2015
Vai Raja Vai,thriller,2015
Vajrakaya,action,2015
Vakratunda Mahakaaya,"thriller, drama",2015
Valiyavan,action,2015
Veronika Decides to Die,drama,2015
Victor Frankenstein,horror,2015
Vidaaya,drama,2015
Welcome Zindagi,"dark comedy, romance",2015
What the Jatt!!,"adventure, comedy",2015
Wild Card,drama,2015
Woman in Gold,drama,2015
World of Delight,romance,2015
Yaarana,drama,2015
Yevade Subramanyam,adventure,2015
You Are My Sunshine,romance,2015
You Too Brutus,thriller,2015
10 Kalpanakal,thriller,2016
13 Hours: The Secret Soldiers of Benghazi,action,2016
1st Sem,drama,2016
54321,drama,2016
A Aa,romance,2016
A Month of Sundays,comedy,2016
A Silent Voice,"drama, children's, romance, slice of life, sci-fi, youth",2016
Aadupuliyattam,"horror, thriller",2016
Aalroopangal,drama,2016
Abbayitho Ammayi,romance,2016
Abhimaan,"romance, drama, action",2016
Accel World: Infinite Burst,"drama, action, spy, sci-fi, superheroes, tokusatsu",2016
Action Hero Biju,"social drama, comedy",2016
Adra Machan Visilu,comedy,2016
After the Storm,"drama, comedy-drama, science fantasy",2016
Ajin Part 2: Shōtotsu,"horror, thriller, supernatural",2016
Ajin Part 3: Shōgeki,"horror, thriller, supernatural",2016
Ambarsariya,drama,2016
Amma Kanakku,drama,2016
Anesthesia,drama,2016
Ang Babaeng Humayo,drama,2016
Ann Maria Kalippilaanu,"comedy, drama",2016
Aozora Yell,"drama, comedy-drama, romance, musical, idol, youth",2016
Appa,drama,2016
Appatlo Okadundevadu,action,2016
Appuram Bengal Ippuram Thiruvithamkoor,comedy,2016
Assassination Classroom: Graduation,"drama, action, sci-fi, comedy",2016
Babu Bangaram,action,2016
Backtrack,"mystery, thriller",2016
Bad Moms,comedy,2016
Bad Seeds (Les Mauvaises herbes),drama,2016
Bakit Lahat ng Gwapo may Boyfriend?,"comedy, romance",2016
Banchha Elo Phire,"comedy, drama",2016
Barbershop: The Next Cut,comedy,2016
Barcelona: A Love Untold,"romantic, drama",2016
Bastu Shaap,drama,2016
Batman v Superman: Dawn of Justice,action,2016
Bayam Oru Payanam,horror,2016
Below Her Mouth,drama,2016
Boku Dake ga Inai Machi and the Binding of Tony Blair,"political, fantasy, drama, mystery, thriller",2016
Boundaries (Pays),drama,2016
Byomkesh Pawrbo,thriller,2016
Characterz,comedy,2016
Cheater,"comedy, horror",2016
Chihayafuru Part 1 and 2,"drama, youth, sports (children's poker, karuta)",2016
Chongqing Hot Pot,drama,2016
Chorabali,thriller,2016
Cinemawala,drama,2016
Cold War 2,crime,2016
Corpse Party Book of Shadows,"horror, dark fantasy, drama, supernatural horror, action, monster",2016
Crayon Shin-chan: Fast Asleep! The Great Assault on Dreamy World!,"drama, action, sci-fi, comedy",2016
Crying Out in Love,romance,2016
Daffadar,drama,2016
Darvinte Parinamam,comedy,2016
Deadpool,thriller,2016
Death Note: Light Up the New World,"horror, thriller, supernatural, action, monster",2016
Detective Conan: The Darkest Nightmare,"political, drama, crime, mystery, thriller",2016
Digimon Adventure tri. Part 2: Determination,"action, sci-fi",2016
Digimon Adventure tri. Part 3: Confession,"action, sci-fi",2016
Dirty Grandpa,comedy,2016
Doraemon: Nobita and the Birth of Japan 2016 and Infinimals Roaring Skies,"historical, drama, action, superheroes, spy, sci-fi",2016
Downriver,drama,2016
Dukot,"action, suspense",2016
Eedo Rakam Aado Rakam,romance,2016
Eluka Majaka,comedy,2016
Emo the Musical,"musical, comedy",2016
Enteng Kabisote 10 and the Abangers,"comedy, fantasy",2016
Evergreen Love,"drama, romance",2016
Everything About Her,"comedy, drama",2016
Express Raja,romance,2016
Family Katta,"comedy, drama",2016
Free State of Jones,thriller,2016
Friend Request,horror,2016
GANTZ: O and Morrison Steel: The Greatest Years of My Life,"drama, crime, sci-fi, action, supeheroes, spy",2016
Galactic Armored Fleet Majestic Prince: Genetic Awakening,"action, sci-fi, mecha, spy",2016
Garakowa: Restore the World,"fantasy, drama, sci-fi, magical girl, superheroes, spy",2016
Gekijō-ban Hibike! Euphonium ~ Kitauji Kōkō Suisōraku-Bu e Yōkoso~,"drama, youth, musical",2016
God's Not Dead 2,drama,2016
Guppy,drama,2016
"Hail, Caesar!",comedy,2016
Hallelooya,drama,2016
Happy Wedding,comedy,2016
Haripad Bandwala,"romance, comedy",2016
Heaven in the Dark,drama,2016
Hello Namasthe,comedy,2016
Her Love Boils Bathwater,"drama, romance, slice of life",2016
House of Wolves,comedy,2016
How to Be Yours,"romantic, drama",2016
I Am a Hero and and I’m a Dune Space,"horror, drama, action, sci-fi",2016
Ilamai Oonjal,action,2016
In This Corner of the World,"historical, drama",2016
Inspector Dawood Ibrahim,action,2016
Iqaluit,drama,2016
Iraivi,drama,2016
Iru Mugan,action,2016
Ism,action,2016
It's Only the End of the World (Juste la fin du monde),drama,2016
Itazura na Kiss the Movie ~High School-Hen~,"drama, romantic comedy",2016
Jacobinte Swargarajyam,"family, drama",2016
Jai Maruthi 800,comedy,2016
Jakkanna,comedy,2016
Jalsa,"comedy, drama",2016
James & Alice,"romance, thriller, drama",2016
James Black and the New Treasure and Your Lie in April,"drama, comedy, romance, action, superheroes, spy",2016
Janatha Garage,action,2016
Jean of the Joneses,comedy,2016
Joe Cinque's Consolation,"drama, true crime",2016
Kabaneri of the Iron Fortress Pt.1,"horror, post-apocalyptic, steampunk, action",2016
Kagerou Daze -in a day's-,"drama, action, supernatural, sci-fi, spy",2016
Kali,"romance, thriller",2016
Kamen Rider Ghost: The 100 Eyecons and Ghost's Fated Moment,"tokusatsu, action, sci-fi",2016
Kammatipaadam,action,2016
KanColle: The Movie,"historical, action, military, spy, superheroes",2016
Kapus Kondyachi Goshta,drama,2016
Kasaba,action,2016
Kattappanayile Rithwik Roshan,"comedy, thriller",2016
Kavi Uddheshichathu..?,comedy,2016
Keeping Up with the Joneses,comedy,2016
Khawto,"drama, romance",2016
Ki Kore Toke Bolbo,"drama, romance",2016
Killer Punjabi,action,2016
King Liar,comedy,2016
Kingsglaive: Final Fantasy XV,"fantasy, action, comedy, comedy-drama, drama, science fantasy",2016
Kizumonogatari Part 1: Tekketsu,"horror, psychological thriller, drama, dark fantasy",2016
Kizumonogatari Part 2: Nekketsu,"horror, psychological thriller, drama, dark fantasy",2016
Kochavva Paulo Ayyappa Coelho,"comedy, drama",2016
Krishnopokkho,drama,2016
Kshanam,thriller,2016
Lalbaugchi Rani,drama,2016
Lamb,drama,2016
Leela,drama,2016
Lens,drama,2016
Lights Out,horror,2016
Lion,drama,2016
Looking for Grace,drama,2016
Love & Friendship,comedy,2016
Love Me Tomorrow,"romance, comedy",2016
Love O2O,romance,2016
Ma' Rosa,"drama, action",2016
Maanasaandarapetta Yezdi,comedy,2016
Maaveeran Kittu,drama,2016
Maheshinte Prathikaaram,"comedy, drama",2016
Malgudi Days,thriller,2016
Malupu,action,2016
Mana Oori Ramayanam,drama,2016
Manamantha,drama,2016
Mandya to Mumbai,drama,2016
"Mars: Tada, Kimi wo Aishiteru","fantasy, drama, romance, sci-fi",2016
Marudhu,action,2016
Mean Dreams,drama,2016
Meendum Oru Kadhal Kadhai,romance,2016
Meet the Blacks,comedy,2016
Mike and Dave Need Wedding Dates,comedy,2016
Monchora,drama,2016
Money Monster,thriller,2016
Monsoon Mangoes,thriller,2016
Monster Strike The Movie,"fantasy, drama, children's, action, comedy",2016
Mr & Mrs Unwanted,drama,2016
Mr. and Mrs. Sadachari,"action, romance",2016
Mudhugauv,"comedy, romance",2016
Mummy,thriller,2016
Munafik,horror,2016
Museum,"horror, drama, supernatural horror, thriller",2016
My Dad and Mr. Ito,"drama, comedy, comedy-drama, slice of life",2016
"My Tomorrow, Your Yesterday","fantasy, drama, romance, slice of life",2016
Nannaku Prematho,"thriller, drama",2016
Natsamrat,drama,2016
Nayagi,horror,2016
Nayaki,horror,2016
Neighbors 2: Sorority Rising,comedy,2016
Nelly,drama,2016
Nenu Sailaja,romance,2016
Nerve,thriller,2016
Never Said Goodbye,romance,2016
Night's Tightrope,"political, drama, crime, mystery",2016
Nobunaga Concerto,"historical, drama, musical",2016
Now You See Me 2,thriller,2016
Nunnunarvu,thriller,2016
Oka Manasu,romance,2016
Once Upon A Time In Amritsar,action,2016
One Piece Film: Gold,"fantasy, drama, action, spy, superheroes, tokusatsu",2016
Oozham,thriller,2016
Oppam,thriller,2016
Oru Murai Vanthu Parthaya,drama,2016
Oru Muthassi Gadha,comedy,2016
Out of Range,drama,2016
Pa..Va,drama,2016
Padre de Familia,drama,2016
Perariyathavar (Re-release),drama,2016
"Persona 3 The Movie: No. 4, Winter of Rebirth","political, neo-noir, supernatural, spy, action",2016
Phantom of the Theatre,thriller,2016
Phuntroo,"sci-fi, romance, thriller",2016
Pink and Gray,"drama, comedy-drama, action",2016
Pokémon the Movie: Volcanion and the Mechanical Marvel,"drama, comedy, action",2016
Poshter Girl,"comedy, satire",2016
Postmaster,"romance, tragerdy, drama",2016
Praktan,drama,2016
Prem Kahani - EK Lapleli Goshta,drama,2016
Pretham,horror,2016
PriPara Mi~nna no Akogare Let's Go PriPari,"dance, idol, magical girl, musical",2016
Pulimurugan,action,2016
Raja Cheyyi Vesthe,comedy,2016
Rajini Murugan,comedy,2016
Red Billabong,thriller,2016
Reti,"action, thriller",2016
Rokto,action,2016
Rudolf the Black Cat,"drama, adventure, children's",2016
Sadako vs. Kayako,"horror, dark fantasy, drama, supernatural horror, action, monster",2016
Sadhuram 2,thriller,2016
Sairat,"romance film, drama",2016
Saka - Nankana Sahib De Shaheed,action,2016
Sardaar Gabbar Singh,action,2016
Satoshi: A Move for Tomorrow,"historical, drama",2016
Sawaari,thriller,2016
Scare Campaign,horror,2016
Searchers (Maliglutit),drama,2016
Seesa,horror,2016
Seethamma Andalu Ramayya Sitralu,romance,2016
Shikhamani,thriller,2016
Shin Godzilla,"drama, sci-fi, kaiju, action",2016
Shyam,drama,2016
Sikkapatte Ishtapatte,thriller,2016
Sipaayi,drama,2016
Soggade Chinni Nayana,romance,2016
Somebody,"drama, comedy-drama, slice of life",2016
Song of the Phoenix,drama,2016
Speedunnodu,drama,2016
Srirastu Subhamastu,romance,2016
Suki ni Naru Sono Shunkan o,"drama, romance, slice of life",2016
Sunyo Je Kol,drama,2016
Supreme,action,2016
Swarna Kaduva,"comedy, drama",2016
Sweet Sixteen,romance,2016
Sweetheart,romance,2016
Synchronicity,action,2016
Tamayura ~Sotsugyō Shashin~ Part 4: Ashita,drama,2016
Tantei Opera Milky Holmes the Movie: Milky Holmes' Counterattack,"drama, comedy, action, magical girl",2016
Tea Kadai Raja,comedy,2016
Terra Formars and Nicholas and Gordon’s Stranger Corps: The Fake Wave,"drama, action, spy, sci-fi, superheroes, tokusatsu",2016
Tharlo,drama,2016
The Bronze,comedy,2016
The Choice,romance,2016
The Darkness,thriller,2016
The Daughter,drama,2016
The Finest Hours,drama,2016
The Forest,thriller,2016
The Girl on the Train,thriller,2016
The Inerasable,"horror, drama",2016
The Legend of Ben Hall,"drama, action",2016
The Long Excuse,"drama, comedy-drama, slice of life",2016
The Menu,drama,2016
The Mole Song: Hong Kong Capriccio,"drama, comedy, action, spy, sci-fi, superheroes",2016
The Neon Demon,thriller,2016
The Witch,horror,2016
The Young Messiah,drama,2016
Thirunaal,action,2016
Tulasi Dalam,horror,2016
Two Lovers and a Bear,drama,2016
Vaapsi,drama,2016
Vaisakhi List,"action, drama",2016
Valleem Thetti Pulleem Thetti,"comedy, romance",2016
Veera Sivaji,action,2016
Velainu Vandhutta Vellaikaaran,comedy,2016
Vennello Hai Hai,drama,2016
Ventilator,drama,2016
Vidayutham,horror,2016
Void !The Void,horror,2016
Weirdos,drama,2016
Welcome to Central Jail,comedy,2016
White,romance,2016
Wolf Girl and Black Prince,"political, drama, comedy, romantic comedy",2016
YZ,"comedy, drama",2016
Yesterday Once More,romance,2016
Yo-kai Watch: Soratobu Kujira to Double no Sekai no Daibōken da Nyan!,"fantasy, drama, children's, action, comedy",2016
Your Name,"drama, children's, romance, slice of life, sci-fi, youth",2016
Yu-Gi-Oh!: The Dark Side of Dimensions,"fantasy, action, science fantasy, sci-fi",2016
Zegapain ADP,"action, sci-fi, mecha",2016
Zoolander 2,comedy,2016
Zutto Mae Kara Suki Deshita,"drama, romance, slice of life",2016
100 Streets,drama,2017
2:22,"drama, thriller",2017
3 Generations,drama,2017
465,horror,2017
47 Meters Down,horror,2017
9/11,drama,2017
A Bad Moms Christmas,comedy,2017
A Beautiful Star,"drama, romance, sci-fi",2017
A Cure for Wellness,"drama, thriller",2017
A Ghost Story,"drama, fantasy, horror, romance",2017
Aadesh - Power Of Law,drama,2017
Aftermath,"drama, thriller",2017
Ajin,"horror, action, monster, thriller, supernatural, spy",2017
Ali's Wedding,drama,2017
Alien: Covenant,"sci-fi, horror",2017
All Eyez on Me,"biography, drama",2017
All I See Is You,"drama, thriller",2017
All Saints,drama,2017
All the Money in the World,"biography, crime, drama",2017
Always Be With You,horror,2017
American Assassin,"action, thriller",2017
American Fable,"thriller, fantasy",2017
American Made,"biography, action, comedy, crime, drama, history, thriller",2017
Amityville: The Awakening,"thriller, horror",2017
Anaarkali of Aarah,drama,2017
Ancien and the Magic Tablet (a.k.a. Napping Princess),"drama, children's, science fantasy, sci-fi",2017
Angels Wear White,drama,2017
Annabelle: Creation,horror,2017
Ao Oni The Animation,"horror comedy, horror, drama, monster",2017
Arjun Reddy,romance,2017
Aval,horror,2017
Baban,romance,2017
Baby Driver,"comedy, action, crime",2017
Baghtos Kay Mujra Kar,drama,2017
Battle of the Sexes,"biography, sports, comedy, drama",2017
Baywatch,comedy,2017
Beach Rats,drama,2017
Beatriz at Dinner,comedy,2017
Before I Fall,drama,2017
Berlin Syndrome,thriller,2017
Beyond Skyline,"sci-fi, action, thriller",2017
Bhanwarey,comedy,2017
Blade Runner 2049,"neo-noir, sci-fi, thriller, mystery",2017
Blade of the Immortal,"horror, fantasy, chanbara, supernatural, jidaigeki, action",2017
Blame!,"sci-fi, action, spy",2017
Blood Money,"drama, crime",2017
"Bon Cop, Bad Cop 2","comedy, crime",2017
Boo 2! A Madea Halloween,"comedy, horror",2017
Boss 2: Back to Rule,action,2017
Brad's Status,comedy,2017
Brave Witches: The Great Petersburg Strategy,"historical, action, military, spy, superheroes",2017
Brawl in Cell Block 99,"drama, action, thriller",2017
Breath,drama,2017
Breathe,"biographical, drama",2017
Bright,"action, fantasy, sci-fi",2017
Brigsby Bear,"comedy, drama",2017
Burning Sands,drama,2017
CHiPs,"comedy, action",2017
Call Me by Your Name,drama,2017
Captain Underpants: The First Epic Movie,"animation, action, comedy, family",2017
Cargo,thriller,2017
Cars 3,"animation, sports, comedy, drama",2017
Catfight,"comedy, action",2017
Coco,"animation, musical, fantasy, mystery",2017
Code Geass Lelouch of the Resurrection the Movie: Awakening Path,"fantasy, sci-fi, action, mecha, supernatural",2017
Collide,"action, crime, drama",2017
Colossal,"sci-fi, comedy",2017
Confession of Murder (a.k.a. Memoirs of a Murderer),"political, drama, action, sci-fi, mystery, thriller",2017
Crooked House,"crime, drama, mystery",2017
Daddy's Home 2,comedy,2017
Dance with Devils: Fortuna,"fantasy, drama, dance, musical, romance, idol",2017
Darkest Hour,"biography, war, drama",2017
Dean,"comedy, drama, romance",2017
Despicable Me 3,"animation, comedy, adventure, action",2017
Detective Conan: Crimson Love Letter,"political, drama, crime, mystery, thriller",2017
Detroit,"crime, drama",2017
Dhairyam,action,2017
Dhaka Attack,"action, thriller",2017
Dhayam,thriller,2017
Dhwani (film),drama,2017
Diary of a Wimpy Kid: The Long Haul,"comedy, family",2017
Digimon Adventure tri. Part 4: Loss,"action, sci-fi",2017
Digimon Adventure tri. Part 5: Coexistence,"action, sci-fi",2017
Dobaara: See Your Evil,horror,2017
Donald Cried,comedy,2017
Dora,horror,2017
Doraemon the Movie 2017: Great Adventure in the Antarctic Kachi Kochi,"adventure, children's, drama, sci-fi",2017
Doubutsu Sentai Zyuohger vs. Ninninger the Movie: Super Sentai's Message from the Future,"drama, tokusatsu, action, sci-fi",2017
Downsizing,"sci-fi, comedy, drama",2017
Eiga Tamagotchi: Himitsu no Otodake Daisakusen!,"fantasy, children's, action, comedy, comedy-drama, slice of life",2017
Ek Haseena Thi Ek Deewana Tha,romance,2017
Enakku Vaaitha Adimaigal,comedy,2017
Eureka Seven: Hi-Evolution,"drama, mecha, sci-fi, adventure, spy",2017
"Everything, Everything","romance, drama",2017
Fairy Tail: Dragon Cry,"fantasy, action, drama, adventure, mystery, spy",2017
Faster Fene,"detective, thriller",2017
Fate/kaleid liner Prisma Illya: Oath Under Snow,"fantasy, drama, action, magical girl, science fantasy, spy",2017
Fate/stay night: Heaven's Feel Series,"horror, fantasy, action, magical girl, science fantasy, spy",2017
Father Figures,comedy,2017
Ferdinand,"animation, adventure, comedy, family",2017
Fidaa,romance,2017
Fifty Shades Darker,"drama, romance",2017
"Fireworks, Should We See It from the Side or the Bottom? and Raving Jeff’s Stronger Battle","drama, sci-fi, comedy, youth, slice of life",2017
First Kill,"thriller, action",2017
Fist Fight,comedy,2017
Free! -Take Your Marks!-,"drama, slice of life, sports (aquatics, swimming), comedy-drama",2017
Free! -Timeless Medley-,"drama, sports (aquatics, swimming), comedy-drama",2017
Fukrey Returns,comedy,2017
Fullmetal Alchemist,"historical, fantasy, adventure, action, science fantasy, superheroes",2017
G Kutta Se,drama,2017
"Gekijōban Haikara-san ga Tōru Zenpen ~Benio, Hana no 17-sai~","historical, drama, comedy-drama, romance, youth",2017
Genocidal Organ,"drama, action, sci-fi, spy",2017
Geostorm,"action, sci-fi, thriller",2017
Get Out,horror,2017
Ghost in the Shell,"action, adventure, crime, sci-fi",2017
Gifted,drama,2017
Gintama,"historical, chanbara, comedy, jidaigeki, tokusatsu, science fantasy",2017
Girls Trip,"romance, comedy",2017
Girls und Panzer das Finale,"drama, action, military, spy",2017
Godzilla: Planet of the Monsters,"drama, kaiju, mecha, space opera, sci-fi, action",2017
Golmaal Again,comedy,2017
Good Time,"crime, drama",2017
Goodbye Christopher Robin,"biographical, drama",2017
Goon: Last of the Enforcers,"comedy, sports",2017
Goutham Nanda,action,2017
Growing Up Smith,comedy,2017
Guardians of the Galaxy Vol. 2,"superhero, comedy, adventure, sci-fi",2017
Haikyū Third Season Movie,"drama, action, sports (volleyball)",2017
Happy Death Day,"horror, mystery, thriller",2017
Haruta & Chika,"drama, comedy-drama, musical, mystery",2017
Honnōji Hotel,"fantasy, drama, comedy, mystery",2017
Hostiles,western,2017
Hotel Mumbai,thriller,2017
Hounds of Love,crime,2017
How to Be a Latin Lover,comedy,2017
Hrudayantar,drama,2017
Hurricane Polymar,"action, sci-fi, comedy, spy, tokusatsu",2017
Hyouka,"drama, romance, youth, mystery",2017
I Don't Feel at Home in This World Anymore,"comedy, thriller",2017
"I, Tonya","biography, drama",2017
Inconceivable,"drama, thriller",2017
Indian Horse,drama,2017
Ingrid Goes West,"comedy, drama",2017
It Comes at Night,"horror, mystery",2017
Itazura na Kiss the Movie 2 ~Campus-Hen~,"drama, romantic comedy",2017
Itazura na Kiss the Movie 3 ~Proposal-Hen~,"drama, romantic comedy",2017
Jab Harry Met Sejal,romance,2017
Jasper Jones,"drama, mystery",2017
Jaya Janaki Nayaka,action,2017
Jeepers Creepers 3,horror,2017
JoJo's Bizarre Adventure: Diamond Is Unbreakable Chapter I,"horror, action, supernatural, thriller, tokusatsu, drama",2017
John Wick: Chapter 2,"neo-noir, action, thriller",2017
Jolly LLB 2,drama,2017
Jora 10 Numbaria,"crime, political/thriller",2017
Jumanji: Welcome to the Jungle,"action, fantasy, adventure, comedy",2017
Jungle,adventure,2017
Just Getting Started,"action, comedy",2017
Justice League,"superhero, action, adventure, fantasy, sci-fi",2017
Kaasav,"drama, social",2017
Kaatru Veliyidai,romance,2017
Kabaneri of the Iron Fortress Pt.2,"horror, post-apocalyptic, steampunk, spy, action",2017
Kalavu Thozhirchalai,drama,2017
Kamen Rider Ex-Aid the Movie: True Ending,"tokusatsu, action, sci-fi",2017
Kamen Rider Heisei Generations Final: Build & Ex-Aid with Legend Rider,"tokusatsu, action, sci-fi",2017
Kamen Rider × Super Sentai: Ultra Super Hero Taisen,"tokusatsu, action, sci-fi",2017
Katamarayudu,action,2017
Kattappava Kanom,comedy,2017
Kidi,action,2017
Kidnap,"action, thriller",2017
Killing Ground,thriller,2017
King Arthur: Legend of the Sword,"action, adventure, epic",2017
Kingsman: The Golden Circle,"action, adventure, comedy",2017
Kizumonogatari Part 3: Reiketsu,"horror, psychological thriller, drama, dark fantasy",2017
Kong: Skull Island,"action, adventure, fantasy, sci-fi",2017
Kootathil Oruthan,drama,2017
Kyō no Kira-kun,"drama, comedy-drama, romantic comedy",2017
LBJ,"biography, drama",2017
LIE,thriller,2017
Lahoriye,drama,2017
Last Flag Flying,"comedy, drama",2017
Leatherface,"horror, thriller",2017
Logan,"action, adventure, superhero, drama",2017
Lovesong,drama,2017
Lowriders,drama,2017
Lu Over the Wall,"drama, children's, musical",2017
Maj Rati Keteki,drama,2017
Manje Bistre,drama,2017
Marshall,"biography, drama, thriller",2017
Mary and the Witch's Flower,"fantasy, drama, children's, magical girl, science fantasy",2017
Mayhem,"action, horror, comedy",2017
Meditation Park,drama,2017
Menashe,drama,2017
Mister,action,2017
Mobile Suit Gundam Thunderbolt: Bandit Flower,"drama, mecha, sci-fi, adventure, spy",2017
Molly's Game,"biography, crime, drama",2017
Monster Trucks,"animation, adventure, sci-fi",2017
Mother!,"drama, horror",2017
Mr. Roosevelt,comedy,2017
Mrittupuri: Kill Zone,action,2017
Mukti Bhawan,drama,2017
Mumon: The Land of Stealth,"historical, fantasy, drama, jidaigeki, action",2017
Muramba,romance,2017
Murder on the Orient Express,"mystery, crime, drama",2017
My Entire High School Sinking Into the Sea,"animation, comedy",2017
My Other Home,drama,2017
My Teacher,"drama, children's, comedy-drama, youth, romance, slice of life",2017
Nabab,action,2017
Nadi Vahate,"drama, social",2017
Naughty 40,comedy,2017
Ninnu Kori,romance,2017
Noor Jahaan,romance,2017
Novitiate,drama,2017
Okja,"action, adventure, drama, fantasy",2017
Olanlar Oldu,comedy,2017
One Week Friends,"drama, comedy-drama, romance, youth, slice of life, science fantasy",2017
Outrage Coda,"drama, crime, thriller, sci-fi, action, spy",2017
Overlord: The Dark Warrior,"fantasy, action, science fantasy",2017
Overlord: The Undead King,"fantasy, action, science fantasy",2017
Oxygen,action,2017
P and JK,"drama, romance, slice of life",2017
Pa Paandi,drama,2017
Pagadi Aattam,thriller,2017
Paradox,action,2017
Paris Can Wait,"comedy, romance",2017
Patel S. I. R.,action,2017
Patti Cake$,drama,2017
Peach Girl and GJS Returns 4 Trilogy,"drama, comedy-drama, romance, youth, slice of life",2017
Peechankai,comedy,2017
Phantom Thread,drama,2017
Pirates of the Caribbean: Dead Men Tell No Tales,"action, adventure, fantasy, comedy",2017
Pitch Perfect 3,"musical, comedy",2017
Podhuvaga En Manasu Thangam,comedy,2017
Pokémon the Movie 20: I Choose You!,"drama, comedy, action",2017
Poster Boys,comedy,2017
Power Rangers,"action, adventure, drama, superhero",2017
PriPara the Movie: Everyone Shine! Kirarin Star Live,"dance, musical, idol",2017
Professor Marston and the Wonder Women,"biography, drama",2017
Rabb Da Radio,drama,2017
Resident Evil: The Final Chapter,"action, adventure, horror, sci-fi",2017
Resident Evil: Vendetta,"horror, supernatural horror, action",2017
Ribbon,drama,2017
Ringan,drama,2017
Rock Dog,"animation, comedy",2017
"Roman J. Israel, Esq.",drama,2017
Rough Night,comedy,2017
Rukh,drama,2017
Runningshaadi.com,comedy,2017
Same Kind of Different as Me,drama,2017
Saravanan Irukka Bayamaen,comedy,2017
Seitokai Yakuindomo,"comedy, romance, slice of life",2017
Sekigahara,"historical, fantasy, drama, jidaigeki, action",2017
Shab,drama,2017
Shastri (Re-release),action,2017
Siliconn City,action,2017
Simran,drama,2017
Sleepless,"action, thriller",2017
Sleight,"sci-fi, drama",2017
Smile Please,romance,2017
Smurfs: The Lost Village,"animation, comedy, fantasy, family",2017
Snatched,comedy,2017
Song to Song,"drama, romance",2017
Sophie and the Rising Sun,"drama, romance",2017
Soul on a String,drama,2017
Sound! Euphonium: Todoketai Melody!,"drama, youth, musical, romance, idol",2017
Space Squad,"tokusatsu, action, sci-fi, spy, superheroes",2017
Spark,"sci-fi, animation, comedy",2017
Spider-Man: Homecoming,"action, adventure, superhero, comedy, sci-fi",2017
Split,"horror, thriller, drama",2017
Star Wars: The Last Jedi,"action, adventure, fantasy, sci-fi",2017
Stronger,"biography, drama",2017
Suburbicon,"crime, comedy, drama, mystery, thriller",2017
Sweet Country,western,2017
Sword Art Online The Movie: Ordinal Scale,"fantasy, action, adventure, science fantasy, sci-fi, superheroes",2017
Table 19,comedy,2017
Tarnation,horror,2017
Teiichi: Battle of Supreme High,"drama, comedy-drama, comedy",2017
Thank You for Your Service,"biography, war, drama",2017
The 8-Year Engagement,"drama, romance",2017
The Bad Batch,"romance, horror, thriller",2017
The Belko Experiment,"action, horror, thriller",2017
The Big Sick,"romance, comedy, drama",2017
The Blackcoat's Daughter,"horror, thriller",2017
The Book of Henry,drama,2017
The Book of Love,"drama, comedy",2017
The Boss Baby,"animation, comedy",2017
The Butterfly Tree,drama,2017
The Bye Bye Man,horror,2017
The Case for Christ,drama,2017
The Crescent,horror,2017
The Dark Tower,"action, fantasy, adventure, horror, sci-fi, western",2017
The Devil's Candy,horror,2017
The Disaster Artist,"biography, comedy, drama",2017
The Discovery,"romance, drama, sci-fi",2017
The Dragon Dentist,"historical, fantasy, adventure, action, science fantasy, superheroes",2017
The Emoji Movie,"animation, comedy, adventure",2017
The Fate of the Furious,"action, adventure",2017
The Final Exit,horror,2017
The Florida Project,drama,2017
The Ghazi Attack,action,2017
The Glass Castle,drama,2017
The Good Catholic,comedy,2017
The Great Wall,"action, fantasy",2017
The Greatest Showman,"biography, musical, drama",2017
The Hitman's Bodyguard,"action, comedy",2017
The House,comedy,2017
The House Next Door,horror,2017
The Irregular at Magic High School The Movie: The Girl Who Calls the Stars,"fantasy, action, science fantasy, sci-fi, spy, superheroes",2017
The Killing of a Sacred Deer,"comedy, drama, horror, mystery, thriller",2017
The Lego Batman Movie,"animation, comedy, action",2017
The Lego Ninjago Movie,"animation, action, comedy, martial arts",2017
The Little Hours,comedy,2017
The Lost City of Z,"adventure, drama",2017
The Lovers,"comedy, romance",2017
The Mountain Between Us,"romance, disaster",2017
"The Night Is Short, Walk on Girl","fantasy, drama, science fantasy",2017
The Nut Job 2: Nutty by Nature,"animation, comedy",2017
The Only Living Boy in New York,drama,2017
The Outcasts,comedy,2017
The Post,"biography, drama, history, thriller",2017
The Resurrection of Gavin Stone,"comedy, drama",2017
The Shack,drama,2017
The Shape of Water,"fantasy, horror, romance, sci-fi, thriller",2017
The Silence,drama,2017
The Space Between Us,"sci-fi, adventure, romance",2017
The Summer Is Gone,drama,2017
The Third Murder,"thriller, drama, sci-fi",2017
The Wall,"drama, thriller",2017
The Zookeeper's Wife,"war, drama",2017
Thor: Ragnarok,"superhero, action, adventure, fantasy, sci-fi, comedy",2017
"Three Billboards Outside Ebbing, Missouri","comedy, crime, drama, thriller",2017
Three Summers,comedy,2017
Tokyo Ghoul,"horror, dark fantasy, supernatural horror, action, monster, spy",2017
Touken Ranbu: Hanamaru ~Makuai Kaisōroku~,"historical, fantasy, adventure, action, science fantasy, superheroes",2017
Transformers: The Last Knight,"action, adventure, sci-fi",2017
Trespass Against Us,"crime, drama, thriller",2017
Trinity Seven the Movie: The Eternal Library and the Alchemist Girl and The Smith's Fantasy Series,"harem, fantasy, action, drama, romantic comedy, magical girl",2017
Tulip Fever,"romance, drama",2017
Uchu Sentai Kyuranger the Movie: Gase Indaver Strikes Back,"tokusatsu, action, sci-fi",2017
Underworld: Blood Wars,"action, horror",2017
Unlocked,"action, thriller",2017
Valerian and the City of a Thousand Planets,"sci-fi, action, adventure",2017
Valobasha Emoni Hoy,romance,2017
Veedevadu,action,2017
Velaikkaran,thriller,2017
Victoria & Abdul,"biography, drama",2017
Vitthala Shappath,"comedy, action",2017
Vivegam,action,2017
Vunnadhi Okate Zindagi,drama,2017
Wakefield,drama,2017
War Machine,"comedy, drama, war",2017
War for the Planet of the Apes,"sci-fi, adventure, drama, action",2017
Wind River,"drama, thriller",2017
Wish Upon,"thriller, horror",2017
Wolf Warriors 2,action,2017
Wonder,drama,2017
Wonder Wheel,"crime, drama",2017
Wonder Woman,"superhero, action, adventure, fantasy, drama, war",2017
Wonderstruck,drama,2017
Woodshock,drama,2017
XX,"horror, suspense",2017
Yaar Ivan,action,2017
Yo-kai Watch Shadowside: Oni-ō no Fukkatsu,"fantasy, drama, children's, sci-fi, adventure, spy",2017
Youth in Oregon,"comedy, drama",2017
Yowamushi Pedal: Re:GENERATION!,"drama, sports (road bicycle racing), comedy-drama",2017
Yuki Yuna wa Yūsha-bu Shozoku and Yuki Yuna: Washio Sumi Chapter Series,"fantasy, action, comedy, comedy-drama, drama, magical girl",2017
iBoy,"action, crime",2017
xXx: Return of Xander Cage,"action, adventure",2017
Çalgı Çengi İkimiz,comedy,2017
